"Study"	"Condition"	"Contribution"	"Female"	"Age"	"control40"	"control0"	"experience"	"collection_stage"	"n_sentences"
8	"Reflection Good"	20	0	29	"40"	"0"	1	1	10
8	"Intuition Bad"	0	0	26	"40"	"0"	2	1	9
8	"Intuition Bad"	0	0	29	"40"	"0"	4	1	8
8	"Reflection Good"	0	0	49	"40"	"0"	3	1	10
8	"Reflection Good"	0	0	28	"40"	"0"	3	1	9
8	"Reflection Good"	40	0	26	"40"	"0"	2	1	9
8	"Intuition Good"	40	0	24	"40"	"40"	3	1	8
8	"Reflection Good"	0	0	29	"40"	"0"	3	1	15
8	"Reflection Good"	0	0	32	"40"	"0"	1	1	9
8	"Intuition Good"	0	0	43	"40"	"0"	4	1	9
8	"Reflection Good"	20	0	33	"40"	"0"	3	1	8
8	"Intuition Good"	40	0	25	"40"	"0"	1	1	11
8	"Reflection Good"	40	0	59	"40"	"0"	3	1	9
8	"Reflection Bad"	40	0	37	"40"	"0"	1	1	8
8	"Reflection Bad"	0	0	28	"40"	"0"	3	1	8
8	"Reflection Good"	40	0	28	"40"	"0"	5	1	9
8	"Reflection Good"	0	0	30	"40"	"0"	4	1	8
8	"Reflection Bad"	12	0	26	"40"	"0"	2	1	8
8	"Intuition Good"	20	0	58	"40"	"0"	3	1	8
8	"Intuition Bad"	0	0	23	"40"	"0"	4	1	8
8	"Intuition Good"	10	0	25	"40"	"0"	3	1	8
8	"Reflection Good"	0	0	32	"40"	"0"	3	1	10
8	"Intuition Good"	0	0	35	"40"	"40"	1	1	25
8	"Reflection Good"	40	0	53	"40"	"0"	3	1	10
8	"Reflection Good"	0	0	44	"40"	"0"	4	1	8
8	"Intuition Bad"	20	0	24	"40"	"0"	3	1	9
8	"Reflection Good"	0	0	34	"40"	"0"	2	1	8
8	"Reflection Good"	40	0	59	"40"	"0"	3	1	16
8	"Reflection Bad"	40	0	53	"40"	"0"	3	1	8
8	"Intuition Good"	0	0	32	"40"	"0"	3	1	10
8	"Intuition Good"	10	0	29	"40"	"0"	3	1	11
8	"Intuition Bad"	40	0	41	"40"	"0"	4	1	8
8	"Reflection Good"	0	0	58	"40"	"0"	1	1	8
8	"Intuition Bad"	30	0	51	"40"	"0"	4	1	10
8	"Intuition Bad"	0	0	29	"40"	"0"	3	1	8
8	"Intuition Bad"	40	0	35	"40"	"0"	3	1	8
8	"Reflection Bad"	20	0	28	"40"	"0"	4	1	14
8	"Reflection Bad"	10	0	36	"40"	"0"	3	1	9
8	"Reflection Bad"	30	0	39	"40"	"0"	2	1	12
8	"Reflection Good"	0	0	29	"40"	"0"	3	1	8
8	"Intuition Good"	0	0	35	"40"	"0"	2	1	8
8	"Intuition Good"	40	0	29	"40"	"0"	4	1	12
8	"Intuition Bad"	40	0	23	"40"	"0"	2	1	8
8	"Intuition Good"	10	0	31	"40"	"0"	3	1	9
8	"Intuition Good"	40	0	56	"40"	"0"	3	1	8
8	"Intuition Bad"	0	0	48	"40"	"0"	2	1	9
8	"Intuition Bad"	0	0	26	"40"	"0"	1	1	8
8	"Reflection Bad"	2	0	23	"40"	"0"	1	1	8
8	"Reflection Good"	20	0	41	"40"	"0"	3	1	8
8	"Reflection Good"	0	0	27	"40"	"0"	3	1	8
8	"Reflection Good"	0	0	30	"40"	"0"	1	1	10
8	"Reflection Bad"	20	0	53	"40"	"0"	3	1	8
8	"Intuition Good"	40	0	36	"40"	"0"	3	1	8
8	"Intuition Bad"	0	0	32	"40"	"0"	3	1	8
8	"Reflection Bad"	10	0	34	"40"	"0"	1	1	9
8	"Reflection Bad"	10	0	23	"40"	"0"	1	1	8
8	"Reflection Good"	0	0	27	"40"	"0"	4	1	8
8	"Intuition Bad"	0	0	50	"40"	"0"	3	1	9
8	"Intuition Bad"	0	0	30	"40"	"0"	2	1	8
8	"Intuition Bad"	0	0	30	"40"	"0"	1	1	8
8	"Intuition Bad"	20	0	29	"40"	"0"	3	1	15
8	"Reflection Bad"	0	0	25	"40"	"0"	3	1	8
8	"Intuition Bad"	30	0	28	"40"	"0"	3	1	9
8	"Reflection Good"	0	0	32	"40"	"0"	2	1	8
8	"Intuition Bad"	0	0	44	"40"	"0"	3	1	8
8	"Intuition Good"	40	0	30	"40"	"0"	2	1	13
8	"Intuition Good"	8	0	31	"40"	"0"	4	1	12
8	"Intuition Good"	40	0	46	"40"	"40"	3	1	8
8	"Reflection Bad"	0	0	25	"40"	"0"	1	1	8
8	"Intuition Good"	40	0	33	"40"	"0"	2	1	8
8	"Intuition Good"	20	0	33	"40"	"0"	1	1	10
8	"Intuition Bad"	40	0	47	"40"	"40"	3	1	8
8	"Intuition Good"	40	0	23	"40"	"0"	3	1	8
8	"Intuition Bad"	20	0	36	"40"	"0"	3	1	8
8	"Intuition Good"	40	0	36	"40"	"0"	3	1	9
8	"Intuition Good"	0	0	26	"40"	"0"	3	1	8
8	"Intuition Bad"	40	0	45	"40"	"0"	1	1	8
8	"Reflection Good"	30	0	36	"40"	"0"	3	1	8
8	"Intuition Bad"	0	0	41	"40"	"0"	3	1	9
8	"Intuition Good"	40	0	27	"40"	"40"	3	1	10
8	"Reflection Good"	14	0	26	"40"	"0"	2	1	12
8	"Reflection Good"	0	0	38	"40"	"0"	3	1	10
8	"Reflection Good"	40	0	26	"40"	"0"	1	1	11
8	"Intuition Good"	10	0	35	"40"	"0"	2	1	11
8	"Intuition Bad"	40	0	56	"40"	"0"	4	1	9
8	"Reflection Good"	40	0	26	"40"	"0"	1	1	10
8	"Reflection Bad"	0	0	55	"40"	"0"	1	1	9
8	"Reflection Good"	0	0	32	"40"	"0"	3	1	8
8	"Intuition Bad"	0	0	30	"40"	"40"	1	1	9
8	"Reflection Good"	0	0	35	"40"	"0"	3	1	9
8	"Reflection Good"	40	0	31	"40"	"0"	3	1	12
8	"Intuition Good"	0	0	34	"40"	"0"	1	1	9
8	"Reflection Bad"	0	0	43	"40"	"0"	2	1	9
8	"Reflection Good"	10	0	54	"40"	"0"	3	1	9
8	"Intuition Bad"	10	0	30	"40"	"20"	4	1	8
8	"Intuition Good"	0	0	29	"40"	"0"	3	1	8
8	"Intuition Good"	10	0	37	"40"	"0"	3	1	10
8	"Intuition Good"	14	0	28	"40"	"0"	2	1	10
8	"Reflection Bad"	40	0	32	"40"	"0"	3	1	9
8	"Intuition Bad"	0	0	27	"40"	"0"	3	1	9
8	"Reflection Bad"	10	0	27	"40"	"0"	3	1	8
8	"Intuition Good"	40	0	47	"40"	"0"	3	1	13
8	"Reflection Bad"	0	0	33	"40"	"0"	1	1	8
8	"Intuition Good"	40	0	38	"40"	"0"	3	1	11
8	"Reflection Bad"	10	0	26	"40"	"0"	2	1	10
8	"Intuition Good"	0	0	24	"40"	"0"	3	1	10
8	"Intuition Bad"	30	0	53	"40"	"0"	2	1	9
8	"Intuition Good"	40	0	25	"40"	"0"	3	1	10
8	"Intuition Good"	20	0	32	"40"	"0"	1	1	8
8	"Reflection Good"	40	0	28	"40"	"40"	3	1	9
8	"Reflection Bad"	0	0	29	"40"	"0"	2	1	8
8	"Intuition Good"	10	0	55	"40"	"0"	4	1	8
8	"Reflection Good"	0	0	33	"40"	"0"	5	1	12
8	"Reflection Bad"	0	0	36	"40"	"0"	1	1	9
8	"Reflection Bad"	20	0	44	"40"	"0"	3	1	10
8	"Intuition Good"	40	0	31	"40"	"0"	5	1	8
8	"Reflection Bad"	40	0	23	"40"	"0"	2	1	10
8	"Intuition Good"	0	0	45	"40"	"0"	3	1	8
8	"Intuition Bad"	20	0	48	"40"	"0"	4	1	10
8	"Reflection Good"	0	0	25	"40"	"0"	1	1	8
8	"Reflection Good"	20	0	31	"20"	"20"	1	1	9
8	"Intuition Good"	0	0	29	"40"	"0"	2	1	8
8	"Reflection Bad"	0	0	43	"40"	"0"	3	1	11
8	"Reflection Good"	40	0	47	"40"	"0"	5	1	9
8	"Reflection Bad"	0	0	34	"40"	"0"	4	1	10
8	"Reflection Bad"	40	0	33	"40"	"0"	3	1	10
8	"Reflection Bad"	0	0	31	"40"	"0"	3	1	10
8	"Intuition Good"	0	0	68	"40"	"0"	5	1	8
8	"Reflection Good"	0	0	52	"40"	"0"	5	1	9
8	"Intuition Bad"	0	0	37	"40"	"0"	2	1	9
8	"Intuition Good"	40	0	24	"40"	"0"	3	1	8
8	"Intuition Good"	30	0	18	"40"	"0"	2	1	10
8	"Intuition Good"	0	0	36	"40"	"40"	2	1	8
8	"Intuition Good"	40	0	44	"40"	"0"	1	1	9
8	"Intuition Good"	40	0	31	"40"	"40"	3	1	9
8	"Reflection Good"	40	0	30	"40"	"40"	3	1	10
8	"Reflection Good"	40	0	58	"40"	"0"	3	1	14
8	"Intuition Good"	0	0	32	"40"	"0"	2	1	11
8	"Intuition Good"	40	0	41	"40"	"0"	5	1	10
8	"Intuition Bad"	30	0	28	"40"	"40"	3	1	12
8	"Intuition Good"	0	0	24	"40"	"0"	1	1	10
8	"Intuition Good"	20	0	29	"40"	"0"	1	1	8
8	"Intuition Good"	20	0	64	"40"	"0"	3	1	8
8	"Reflection Bad"	40	0	25	"40"	"0"	4	1	8
8	"Reflection Bad"	0	0	25	"40"	"0"	2	1	10
8	"Intuition Good"	40	0	48	"40"	"0"	3	1	8
8	"Intuition Good"	8	0	29	"10"	"10"	1	1	9
8	"Reflection Bad"	20	0	28	"40"	"40"	2	1	8
8	"Intuition Good"	2	0	27	"40"	"0"	3	1	8
8	"Intuition Bad"	30	0	20	"40"	"0"	3	1	8
8	"Intuition Bad"	0	0	26	"40"	"0"	4	1	8
8	"Intuition Good"	40	0	42	"40"	"0"	3	1	10
8	"Reflection Good"	0	0	46	"40"	"0"	2	1	9
8	"Intuition Bad"	0	0	61	"40"	"0"	3	1	14
8	"Reflection Good"	40	0	50	"40"	"0"	3	1	9
8	"Reflection Bad"	0	0	38	"40"	"0"	4	1	11
8	"Intuition Bad"	40	0	30	"40"	"0"	4	1	8
8	"Intuition Good"	40	0	31	"40"	"0"	1	1	9
8	"Intuition Good"	40	0	32	"40"	"0"	3	1	27
8	"Intuition Bad"	0	0	40	"40"	"0"	1	1	16
8	"Intuition Bad"	0	0	31	"40"	"0"	3	1	8
8	"Reflection Bad"	40	0	46	"40"	"0"	4	1	9
8	"Reflection Bad"	0	0	29	"40"	"0"	4	1	10
8	"Reflection Bad"	40	0	38	"40"	"0"	2	1	9
8	"Intuition Good"	40	0	43	"40"	"0"	1	1	9
8	"Reflection Good"	40	0	56	"40"	"0"	5	1	9
8	"Reflection Good"	0	0	28	"40"	"0"	3	1	9
8	"Intuition Good"	40	0	27	"40"	"0"	2	1	10
8	"Reflection Bad"	40	0	55	"40"	"0"	3	1	9
8	"Intuition Bad"	0	0	22	"40"	"0"	3	1	8
8	"Reflection Good"	40	0	30	"40"	"0"	1	1	10
8	"Reflection Good"	40	0	57	"40"	"0"	1	1	9
8	"Intuition Bad"	40	0	42	"40"	"0"	3	1	11
8	"Reflection Bad"	40	0	31	"40"	"40"	3	1	13
8	"Reflection Good"	20	0	41	"40"	"0"	3	1	8
8	"Intuition Bad"	40	0	31	"40"	"40"	3	1	9
8	"Intuition Good"	20	0	26	"40"	"0"	1	1	9
8	"Reflection Good"	0	0	34	"40"	"0"	3	1	8
8	"Reflection Good"	0	0	70	"40"	"0"	3	1	25
8	"Reflection Good"	0	0	45	"40"	"0"	4	1	8
8	"Intuition Bad"	40	0	69	"40"	"0"	3	1	8
8	"Reflection Bad"	40	0	40	"40"	"0"	5	1	10
8	"Reflection Bad"	0	0	38	"40"	"0"	2	1	8
8	"Intuition Bad"	0	0	34	"40"	"0"	3	1	10
8	"Reflection Good"	4	0	33	"40"	"0"	2	1	9
8	"Intuition Good"	40	0	28	"40"	"40"	3	1	9
8	"Reflection Bad"	20	0	45	"40"	"0"	4	1	9
8	"Reflection Bad"	40	0	30	"40"	"0"	3	1	8
8	"Reflection Bad"	40	0	31	"40"	"0"	4	1	8
8	"Intuition Good"	20	0	32	"40"	"0"	2	1	14
8	"Intuition Good"	20	0	34	"40"	"20"	3	1	11
8	"Reflection Bad"	10	0	25	"40"	"0"	1	1	8
8	"Intuition Bad"	40	0	24	"40"	"0"	3	1	8
8	"Intuition Good"	40	0	52	"40"	"0"	3	1	8
8	"Reflection Good"	40	0	31	"40"	"0"	3	1	8
8	"Intuition Good"	0	0	36	"40"	"0"	2	1	8
8	"Reflection Good"	40	0	39	"40"	"0"	3	1	8
8	"Reflection Bad"	40	0	52	"40"	"0"	2	1	10
8	"Intuition Bad"	14	0	27	"40"	"0"	4	1	8
8	"Reflection Bad"	40	0	33	"40"	"0"	2	1	11
8	"Intuition Bad"	40	0	36	"40"	"20"	3	1	8
8	"Reflection Good"	0	0	33	"40"	"0"	3	1	9
8	"Reflection Good"	20	0	26	"40"	"0"	3	1	10
8	"Intuition Bad"	0	0	27	"40"	"0"	3	1	8
8	"Reflection Bad"	40	0	25	"40"	"0"	1	1	9
8	"Intuition Good"	20	0	31	"36"	"36"	3	1	10
8	"Intuition Bad"	0	0	45	"40"	"0"	3	1	10
8	"Reflection Good"	0	0	52	"40"	"0"	3	1	8
8	"Reflection Bad"	0	0	32	"40"	"0"	1	1	8
8	"Intuition Good"	40	0	40	"40"	"0"	3	1	9
8	"Intuition Bad"	0	0	25	"40"	"0"	2	1	8
8	"Reflection Good"	10	0	25	"40"	"0"	3	1	8
8	"Reflection Bad"	0	0	26	"40"	"0"	2	1	10
8	"Intuition Good"	0	0	32	"40"	"0"	3	1	9
8	"Reflection Bad"	0	0	33	"40"	"0"	3	1	8
8	"Reflection Bad"	20	0	41	"40"	"0"	3	1	8
8	"Intuition Bad"	40	0	23	"40"	"0"	3	1	11
8	"Intuition Bad"	40	0	29	"40"	"0"	3	1	10
8	"Intuition Bad"	0	0	26	"40"	"0"	3	1	8
8	"Reflection Good"	40	0	31	"40"	"40"	1	1	9
8	"Reflection Bad"	40	0	29	"40"	"0"	2	1	9
8	"Intuition Bad"	10	0	27	"40"	"0"	3	1	8
8	"Reflection Good"	0	1	20	"40"	"0"	3	1	10
8	"Reflection Bad"	8	0	22	"40"	"0"	3	1	9
8	"Intuition Bad"	0	0	26	"40"	"0"	3	1	9
8	"Intuition Bad"	0	0	46	"40"	"0"	3	1	9
8	"Intuition Bad"	20	1	34	"40"	"0"	2	1	9
8	"Reflection Good"	0	0	25	"40"	"0"	1	1	9
8	"Reflection Good"	40	1	22	"40"	"0"	4	1	9
8	"Intuition Bad"	0	0	56	"40"	"0"	3	1	9
8	"Reflection Bad"	0	1	30	"40"	"0"	2	1	8
8	"Intuition Good"	2	0	30	"14"	"14"	4	1	8
8	"Reflection Good"	40	1	37	"40"	"0"	3	1	11
8	"Intuition Good"	40	1	40	"40"	"40"	1	1	8
8	"Reflection Good"	40	1	50	"40"	"0"	3	1	8
8	"Intuition Good"	40	1	35	"40"	"0"	3	1	9
8	"Intuition Bad"	0	0	22	"40"	"0"	1	1	10
8	"Intuition Bad"	6	1	31	"40"	"40"	3	1	8
8	"Intuition Bad"	0	0	27	"40"	"0"	1	1	8
8	"Intuition Bad"	0	1	40	"40"	"0"	1	1	12
8	"Intuition Good"	0	0	22	"40"	"0"	5	1	9
8	"Intuition Bad"	10	0	60	"40"	"0"	2	1	8
8	"Reflection Good"	10	1	34	"40"	"0"	3	1	8
8	"Reflection Good"	40	1	60	"40"	"0"	3	1	11
8	"Reflection Bad"	0	0	28	"40"	"0"	3	1	9
8	"Intuition Bad"	40	1	35	"40"	"0"	2	1	9
8	"Reflection Good"	10	1	35	"40"	"0"	3	1	10
8	"Reflection Bad"	40	0	50	"40"	"0"	1	1	10
8	"Intuition Bad"	0	0	31	"40"	"0"	3	1	10
8	"Reflection Good"	40	1	36	"40"	"0"	3	1	8
8	"Reflection Good"	0	0	30	"40"	"0"	1	1	9
8	"Intuition Bad"	30	1	32	"40"	"0"	3	1	8
8	"Reflection Bad"	18	0	27	"40"	"0"	3	1	8
8	"Reflection Good"	16	0	33	"40"	"26"	2	1	12
8	"Intuition Good"	20	0	50	"40"	"0"	3	1	9
8	"Reflection Good"	20	1	57	"40"	"10"	3	1	14
8	"Reflection Good"	0	0	26	"40"	"0"	1	1	19
8	"Reflection Good"	40	1	40	"40"	"0"	3	1	9
8	"Intuition Good"	0	0	51	"40"	"0"	3	1	9
8	"Intuition Bad"	4	0	29	"40"	"0"	4	1	11
8	"Reflection Bad"	10	1	32	"40"	"0"	3	1	10
8	"Reflection Good"	0	0	32	"40"	"0"	4	1	8
8	"Intuition Good"	0	1	64	"40"	"0"	4	1	10
8	"Reflection Bad"	40	0	35	"40"	"0"	5	1	8
8	"Intuition Bad"	40	1	49	"40"	"0"	3	1	8
8	"Reflection Bad"	40	0	32	"40"	"40"	3	1	9
8	"Reflection Bad"	40	1	61	"40"	"0"	3	1	14
8	"Intuition Good"	8	1	31	"16"	"8"	3	1	8
8	"Reflection Bad"	0	1	38	"40"	"0"	3	1	9
8	"Reflection Good"	40	0	67	"40"	"40"	3	1	10
8	"Intuition Bad"	40	1	60	"40"	"0"	4	1	10
8	"Reflection Bad"	40	0	31	"40"	"0"	2	1	9
8	"Intuition Bad"	0	0	33	"40"	"0"	3	1	8
8	"Intuition Good"	40	0	26	"40"	"0"	2	1	8
8	"Intuition Good"	20	0	45	"22"	"22"	2	1	8
8	"Intuition Good"	14	1	43	"20"	"40"	4	1	9
8	"Reflection Good"	0	0	30	"40"	"0"	2	1	10
8	"Intuition Bad"	0	0	45	"40"	"0"	2	1	11
8	"Reflection Bad"	40	1	23	"40"	"40"	2	1	9
8	"Intuition Bad"	0	0	28	"40"	"0"	3	1	8
8	"Intuition Bad"	40	0	31	"40"	"0"	3	1	10
8	"Reflection Bad"	0	1	37	"40"	"0"	3	1	8
8	"Reflection Bad"	40	0	61	"40"	"0"	2	1	8
8	"Intuition Good"	40	1	21	"40"	"0"	3	1	9
8	"Intuition Bad"	10	0	28	"40"	"0"	3	1	8
8	"Intuition Good"	40	1	48	"40"	"0"	4	1	12
8	"Reflection Bad"	40	0	31	"40"	"40"	3	1	9
8	"Intuition Bad"	40	1	61	"40"	"2"	3	1	12
8	"Reflection Bad"	40	0	34	"40"	"0"	4	1	11
8	"Intuition Good"	30	0	30	"40"	"20"	2	1	10
8	"Reflection Bad"	0	1	38	"40"	"0"	3	1	9
8	"Reflection Bad"	20	1	34	"40"	"0"	3	1	8
8	"Intuition Bad"	40	0	26	"40"	"40"	3	1	10
8	"Intuition Bad"	0	0	39	"40"	"0"	3	1	8
8	"Intuition Good"	0	1	24	"40"	"0"	3	1	9
8	"Reflection Bad"	40	1	37	"40"	"0"	1	1	8
8	"Intuition Good"	40	0	25	"40"	"0"	2	1	11
8	"Reflection Bad"	4	0	36	"40"	"0"	1	1	10
8	"Intuition Bad"	40	1	47	"40"	"0"	2	1	9
8	"Reflection Good"	40	1	34	"40"	"0"	3	1	9
8	"Reflection Bad"	40	0	64	"40"	"0"	2	1	9
8	"Reflection Good"	40	0	20	"40"	"40"	3	1	10
8	"Reflection Good"	40	1	30	"40"	"20"	3	1	8
8	"Reflection Good"	0	0	53	"40"	"0"	3	1	8
8	"Reflection Bad"	0	1	51	"40"	"0"	3	1	9
8	"Intuition Good"	2	1	26	"20"	"40"	3	1	10
8	"Intuition Bad"	40	1	51	"40"	"0"	3	1	11
8	"Reflection Good"	0	1	33	"40"	"0"	1	1	8
8	"Reflection Bad"	0	1	36	"40"	"0"	3	1	8
8	"Intuition Bad"	40	0	30	"40"	"0"	3	1	11
8	"Reflection Good"	20	0	41	"40"	"0"	3	1	10
8	"Reflection Good"	20	1	48	"40"	"40"	2	1	8
8	"Reflection Bad"	10	1	60	"40"	"0"	2	1	12
8	"Reflection Bad"	40	1	40	"40"	"0"	3	1	12
8	"Reflection Bad"	0	1	36	"40"	"0"	4	1	10
8	"Intuition Bad"	30	1	65	"40"	"40"	3	1	8
8	"Intuition Bad"	20	0	23	"24"	"22"	3	1	9
8	"Reflection Good"	40	1	34	"40"	"0"	3	1	9
8	"Intuition Bad"	0	1	63	"40"	"0"	3	1	9
8	"Intuition Bad"	20	1	25	"40"	"0"	3	1	9
8	"Reflection Bad"	0	1	23	"40"	"0"	3	1	8
8	"Intuition Bad"	30	1	58	"40"	"0"	4	1	10
8	"Reflection Good"	40	1	47	"40"	"0"	1	1	14
8	"Intuition Good"	0	0	32	"40"	"0"	3	1	8
8	"Intuition Bad"	2	0	35	"40"	"0"	3	1	10
8	"Intuition Good"	40	0	28	"40"	"0"	3	1	8
8	"Reflection Good"	0	0	25	"40"	"0"	3	1	9
8	"Reflection Good"	40	0	28	"40"	"0"	4	1	13
8	"Intuition Bad"	40	0	28	"40"	"0"	3	1	9
8	"Reflection Good"	20	1	30	"40"	"0"	3	1	8
8	"Intuition Bad"	20	0	26	"40"	"0"	4	1	8
8	"Intuition Bad"	0	0	24	"0"	"0"	2	1	10
8	"Intuition Good"	40	0	71	"40"	"0"	3	1	9
8	"Intuition Bad"	20	0	51	"40"	"0"	4	1	8
8	"Intuition Good"	6	0	34	"40"	"0"	3	1	13
8	"Reflection Good"	2	1	63	"40"	"0"	4	1	8
8	"Intuition Good"	20	0	54	"40"	"40"	3	1	8
8	"Intuition Bad"	40	0	36	"40"	"0"	5	1	8
8	"Intuition Good"	0	0	32	"40"	"0"	3	1	9
8	"Intuition Bad"	40	1	59	"40"	"0"	3	1	11
8	"Intuition Good"	10	1	53	"40"	"0"	3	1	8
8	"Intuition Good"	0	0	32	"40"	"0"	3	1	9
8	"Reflection Good"	40	0	37	"40"	"40"	3	1	10
8	"Reflection Good"	40	1	70	"40"	"0"	3	1	9
8	"Reflection Good"	40	0	20	"40"	"0"	3	1	8
8	"Reflection Bad"	0	1	50	"40"	"0"	2	1	10
8	"Reflection Bad"	40	1	29	"40"	"0"	1	1	8
8	"Intuition Bad"	34	0	25	"40"	"0"	1	1	8
8	"Intuition Good"	40	1	62	"40"	"40"	3	1	10
8	"Reflection Good"	40	0	55	"40"	"0"	4	1	8
8	"Reflection Bad"	0	0	33	"40"	"0"	4	1	13
8	"Intuition Good"	6	1	29	"40"	"0"	1	1	8
8	"Reflection Bad"	40	1	30	"40"	"0"	3	1	9
8	"Intuition Bad"	14	1	28	"40"	"0"	1	1	8
8	"Reflection Good"	40	1	52	"40"	"40"	3	1	10
8	"Intuition Good"	0	1	35	"40"	"0"	3	1	8
8	"Intuition Bad"	20	1	34	"40"	"0"	3	1	9
8	"Intuition Good"	20	1	45	"40"	"0"	2	1	9
8	"Reflection Good"	40	1	40	"40"	"0"	3	1	8
8	"Reflection Bad"	0	0	25	"40"	"0"	2	1	10
8	"Reflection Bad"	40	0	31	"40"	"40"	2	1	8
8	"Intuition Bad"	10	0	35	"40"	"0"	3	1	8
8	"Reflection Good"	0	1	26	"40"	"0"	1	1	9
8	"Intuition Bad"	40	1	61	"40"	"0"	4	1	8
8	"Reflection Good"	18	0	29	"40"	"0"	3	1	8
8	"Intuition Bad"	40	1	34	"40"	"40"	1	1	10
8	"Reflection Bad"	20	1	29	"40"	"0"	1	1	11
8	"Reflection Good"	40	1	30	"40"	"0"	5	1	8
8	"Intuition Bad"	40	1	54	"40"	"0"	3	1	9
8	"Reflection Good"	40	0	42	"40"	"40"	1	1	8
8	"Intuition Bad"	20	0	37	"40"	"40"	2	1	8
8	"Intuition Bad"	20	1	42	"40"	"0"	3	1	10
8	"Reflection Bad"	12	1	27	"40"	"0"	3	1	9
8	"Reflection Bad"	40	1	45	"40"	"40"	4	1	9
8	"Reflection Bad"	30	0	29	"40"	"0"	2	1	10
8	"Intuition Good"	40	0	30	"40"	"0"	4	1	8
8	"Reflection Bad"	0	1	47	"40"	"0"	2	1	8
8	"Intuition Bad"	40	1	39	"40"	"40"	3	1	10
8	"Reflection Good"	0	0	27	"40"	"0"	1	1	9
8	"Reflection Good"	40	1	36	"40"	"0"	2	1	10
8	"Intuition Bad"	20	1	38	"40"	"40"	1	1	21
8	"Intuition Bad"	0	1	36	"40"	"0"	3	1	8
8	"Intuition Bad"	20	1	45	"40"	"40"	2	1	11
8	"Intuition Good"	40	1	38	"40"	"0"	1	1	13
8	"Intuition Bad"	6	1	57	"40"	"0"	2	1	12
8	"Intuition Good"	40	0	52	"40"	"0"	3	1	9
8	"Intuition Bad"	40	0	47	"40"	"40"	2	1	8
8	"Intuition Bad"	20	1	38	"40"	"0"	1	1	9
8	"Intuition Good"	20	0	31	"40"	"0"	1	1	9
8	"Reflection Bad"	0	1	68	"40"	"0"	3	1	8
8	"Reflection Good"	8	1	24	"40"	"0"	1	1	13
8	"Intuition Good"	40	1	31	"40"	"0"	2	1	8
8	"Intuition Good"	0	0	42	"40"	"0"	4	1	10
8	"Intuition Bad"	40	1	42	"40"	"0"	3	1	15
8	"Reflection Good"	0	0	28	"40"	"0"	1	1	9
8	"Reflection Bad"	40	0	42	"40"	"40"	2	1	8
8	"Intuition Good"	40	0	37	"40"	"0"	2	1	8
8	"Reflection Bad"	24	1	30	"24"	"40"	1	1	11
8	"Reflection Bad"	40	1	32	"40"	"0"	3	1	9
8	"Intuition Bad"	4	0	32	"40"	"0"	3	1	10
8	"Intuition Bad"	0	0	60	"40"	"0"	4	1	8
8	"Reflection Bad"	40	0	27	"40"	"40"	3	1	10
8	"Intuition Good"	30	0	34	"40"	"0"	2	1	8
8	"Intuition Good"	0	1	31	"40"	"0"	2	1	10
8	"Intuition Good"	40	1	26	"40"	"40"	3	1	8
8	"Reflection Bad"	40	1	31	"40"	"0"	4	1	8
8	"Intuition Bad"	40	1	29	"40"	"0"	3	1	8
8	"Reflection Bad"	0	1	37	"40"	"0"	4	1	9
8	"Reflection Good"	40	0	28	"40"	"40"	1	1	8
8	"Reflection Bad"	0	0	26	"40"	"0"	1	1	8
8	"Intuition Good"	40	0	24	"40"	"0"	3	1	8
8	"Intuition Good"	0	1	37	"0"	"0"	1	1	9
8	"Intuition Good"	24	1	34	"40"	"0"	3	1	9
8	"Intuition Bad"	40	0	44	"40"	"0"	3	1	10
8	"Reflection Bad"	20	1	29	"40"	"0"	3	1	13
8	"Reflection Bad"	0	1	47	"40"	"0"	3	1	8
8	"Intuition Bad"	0	1	57	"40"	"0"	3	1	9
8	"Intuition Good"	40	1	31	"40"	"40"	2	1	13
8	"Intuition Good"	0	1	50	"40"	"0"	4	1	9
8	"Reflection Good"	0	1	29	"40"	"0"	4	1	9
8	"Intuition Bad"	40	0	37	"40"	"0"	1	1	12
8	"Intuition Bad"	10	1	35	"40"	"0"	2	1	8
8	"Reflection Bad"	40	0	44	"40"	"0"	4	1	9
8	"Reflection Bad"	16	0	42	"40"	"0"	4	1	9
8	"Intuition Bad"	40	0	30	"40"	"0"	1	1	11
8	"Reflection Bad"	10	1	25	"40"	"0"	3	1	8
8	"Intuition Good"	40	0	34	"40"	"0"	3	1	8
8	"Reflection Bad"	30	1	40	"40"	"0"	2	1	8
8	"Intuition Good"	40	1	24	"40"	"0"	2	1	10
8	"Intuition Bad"	40	0	33	"40"	"0"	5	1	8
8	"Intuition Good"	0	0	35	"40"	"0"	3	1	9
8	"Reflection Bad"	20	0	40	"40"	"0"	1	1	9
8	"Reflection Bad"	20	1	30	"40"	"0"	1	1	8
8	"Intuition Bad"	0	0	44	"40"	"0"	2	1	8
8	"Intuition Good"	20	1	27	"40"	"0"	1	1	9
8	"Reflection Bad"	0	0	42	"40"	"0"	3	1	10
8	"Reflection Bad"	0	0	34	"40"	"0"	3	1	10
8	"Intuition Good"	40	0	44	"40"	"0"	3	1	9
8	"Reflection Bad"	40	0	24	"40"	"0"	3	1	8
8	"Reflection Bad"	40	0	33	"40"	"40"	3	1	8
8	"Reflection Good"	0	1	36	"40"	"0"	3	1	9
8	"Reflection Good"	10	0	54	"40"	"0"	3	1	8
8	"Reflection Bad"	0	1	28	"40"	"0"	4	1	8
8	"Intuition Bad"	40	1	29	"40"	"0"	2	1	8
8	"Reflection Bad"	0	0	31	"40"	"0"	3	1	8
8	"Intuition Good"	20	1	23	"40"	"40"	1	1	9
8	"Intuition Good"	40	1	60	"40"	"40"	1	1	12
8	"Reflection Good"	40	0	59	"40"	"0"	3	1	8
8	"Reflection Good"	10	1	50	"40"	"0"	1	1	9
8	"Reflection Bad"	40	1	50	"40"	"0"	1	1	11
8	"Reflection Good"	40	1	34	"40"	"40"	3	1	9
8	"Reflection Bad"	40	0	47	"40"	"0"	3	1	12
8	"Intuition Bad"	10	0	67	"40"	"40"	1	1	10
8	"Intuition Good"	20	0	37	"40"	"0"	1	1	8
8	"Reflection Bad"	0	1	30	"40"	"40"	1	1	8
8	"Reflection Good"	10	1	31	"40"	"0"	3	1	8
8	"Reflection Bad"	30	1	49	"40"	"40"	2	1	9
8	"Reflection Bad"	40	0	52	"40"	"0"	4	1	11
8	"Reflection Bad"	40	0	26	"40"	"0"	4	1	8
8	"Intuition Bad"	40	0	39	"40"	"0"	3	1	8
8	"Reflection Bad"	40	0	29	"40"	"0"	3	1	8
8	"Intuition Bad"	40	0	30	"40"	"0"	3	1	8
8	"Reflection Good"	0	0	29	"40"	"0"	2	1	9
8	"Reflection Good"	0	0	22	"40"	"0"	4	1	8
8	"Intuition Bad"	0	0	29	"40"	"0"	3	1	9
8	"Reflection Bad"	40	0	27	"40"	"40"	3	1	16
8	"Intuition Bad"	20	0	36	"40"	"0"	2	1	8
8	"Intuition Good"	0	0	36	"40"	"0"	2	1	9
8	"Intuition Bad"	40	1	30	"40"	"40"	1	1	8
8	"Reflection Good"	10	1	58	"40"	"0"	2	1	9
8	"Intuition Bad"	0	0	23	"40"	"0"	4	1	8
8	"Intuition Bad"	40	0	26	"40"	"0"	2	1	8
8	"Intuition Bad"	40	0	25	"40"	"0"	3	1	8
8	"Reflection Good"	40	1	34	"40"	"0"	3	1	8
8	"Reflection Bad"	0	0	67	"40"	"40"	3	1	11
8	"Intuition Good"	20	0	32	"40"	"0"	2	1	10
8	"Intuition Bad"	0	1	35	"40"	"0"	3	1	14
8	"Intuition Good"	0	1	52	"40"	"0"	3	1	8
8	"Reflection Bad"	40	0	27	"40"	"0"	1	1	8
8	"Intuition Good"	40	1	59	"40"	"40"	3	1	10
8	"Intuition Bad"	12	1	26	"40"	"0"	1	1	9
8	"Intuition Bad"	20	1	30	"40"	"0"	3	1	8
8	"Intuition Good"	40	1	56	"40"	"0"	3	1	15
8	"Intuition Good"	10	0	34	"40"	"0"	3	1	12
8	"Intuition Good"	30	0	34	"40"	"0"	4	1	10
8	"Intuition Bad"	40	1	48	"40"	"40"	3	1	9
8	"Reflection Good"	40	1	34	"40"	"0"	3	1	8
8	"Reflection Bad"	30	1	36	"40"	"0"	3	1	8
8	"Reflection Bad"	40	1	51	"40"	"0"	3	1	8
8	"Intuition Good"	40	0	33	"40"	"0"	4	1	10
8	"Intuition Bad"	20	0	24	"16"	"30"	3	1	8
8	"Intuition Bad"	40	0	23	"40"	"0"	2	1	8
8	"Intuition Good"	0	0	33	"40"	"0"	3	1	12
8	"Reflection Good"	0	1	35	"40"	"0"	1	1	10
8	"Intuition Bad"	40	1	43	"40"	"40"	3	1	9
8	"Reflection Bad"	40	0	24	"40"	"0"	2	1	8
8	"Intuition Bad"	40	0	22	"40"	"0"	3	1	10
8	"Intuition Good"	20	0	31	"40"	"0"	3	1	8
8	"Intuition Bad"	40	1	43	"40"	"0"	3	1	8
8	"Intuition Good"	0	0	67	"40"	"0"	3	1	9
8	"Intuition Bad"	40	0	23	"40"	"40"	3	1	10
8	"Reflection Bad"	40	0	27	"40"	"0"	1	1	9
8	"Intuition Bad"	40	0	32	"40"	"0"	3	1	8
8	"Reflection Bad"	28	0	32	"28"	"14"	2	1	8
8	"Reflection Bad"	0	1	64	"40"	"0"	2	1	10
8	"Intuition Good"	40	1	38	"40"	"0"	3	1	12
8	"Reflection Good"	38	0	28	"28"	"22"	5	1	13
8	"Intuition Bad"	40	1	28	"40"	"0"	3	1	8
8	"Reflection Bad"	0	0	44	"40"	"0"	5	1	9
8	"Intuition Bad"	0	0	31	"40"	"0"	2	1	11
8	"Reflection Bad"	20	1	28	"40"	"0"	3	1	9
8	"Intuition Good"	10	0	24	"40"	"0"	3	1	9
8	"Reflection Good"	20	1	44	"40"	"0"	2	1	8
8	"Reflection Bad"	0	1	42	"40"	"0"	2	1	8
8	"Intuition Good"	40	0	30	"40"	"0"	3	1	8
8	"Intuition Good"	2	1	33	"40"	"0"	1	1	13
8	"Reflection Bad"	26	1	40	"40"	"40"	3	1	10
8	"Intuition Bad"	8	1	40	"40"	"40"	2	1	8
8	"Intuition Good"	0	1	38	"40"	"0"	1	1	9
8	"Reflection Bad"	0	1	49	"40"	"40"	3	1	8
8	"Intuition Bad"	20	1	32	"40"	"10"	3	1	8
8	"Intuition Good"	0	0	27	"40"	"0"	3	1	9
8	"Reflection Bad"	30	1	64	"40"	"40"	3	1	10
8	"Intuition Good"	20	1	54	"40"	"0"	2	1	11
8	"Intuition Good"	30	1	25	"40"	"0"	1	1	8
8	"Intuition Bad"	30	0	38	"40"	"0"	3	1	9
8	"Intuition Bad"	40	0	31	"40"	"0"	3	1	10
8	"Intuition Bad"	0	1	70	"0"	"0"	3	1	8
8	"Intuition Good"	0	0	30	"40"	"0"	1	1	8
8	"Reflection Good"	30	1	53	"40"	"0"	4	1	10
8	"Intuition Bad"	0	0	30	"40"	"0"	5	1	9
8	"Intuition Good"	40	1	32	"40"	"40"	2	1	8
8	"Reflection Good"	20	1	32	"40"	"40"	1	1	9
8	"Intuition Bad"	14	0	30	"40"	"40"	3	1	12
8	"Reflection Bad"	0	1	35	"40"	"0"	3	1	9
8	"Intuition Good"	20	0	53	"40"	"40"	2	1	8
8	"Reflection Good"	30	1	23	"40"	"0"	3	1	8
8	"Intuition Good"	40	1	52	"40"	"40"	4	1	14
8	"Intuition Good"	6	0	33	"40"	"0"	3	1	12
8	"Intuition Good"	40	1	60	"40"	"0"	3	1	19
8	"Reflection Bad"	0	1	38	"40"	"0"	4	1	8
8	"Reflection Good"	0	1	34	"40"	"0"	1	1	8
8	"Reflection Good"	0	1	57	"40"	"0"	3	1	8
8	"Intuition Bad"	16	0	34	"24"	"18"	1	1	8
8	"Intuition Bad"	40	0	38	"40"	"0"	3	1	9
8	"Intuition Bad"	0	1	42	"40"	"0"	3	1	8
8	"Intuition Good"	0	0	51	"40"	"0"	3	1	9
8	"Reflection Good"	2	1	30	"0"	"0"	3	1	8
8	"Reflection Bad"	40	0	32	"40"	"0"	3	1	8
8	"Intuition Good"	0	1	28	"40"	"40"	2	1	9
8	"Reflection Good"	8	1	57	"40"	"0"	3	1	11
8	"Intuition Good"	40	1	42	"40"	"0"	3	1	9
8	"Reflection Bad"	20	1	40	"40"	"0"	4	1	8
8	"Intuition Good"	20	1	23	"40"	"0"	4	1	8
8	"Reflection Bad"	0	1	58	"40"	"0"	3	1	8
8	"Reflection Good"	40	0	39	"40"	"0"	1	1	9
8	"Reflection Good"	0	0	32	"40"	"0"	3	1	11
8	"Reflection Bad"	10	1	24	"40"	"0"	2	1	8
8	"Intuition Bad"	40	1	47	"40"	"0"	1	1	10
8	"Reflection Bad"	40	1	32	"40"	"0"	3	1	8
8	"Intuition Good"	0	0	32	"40"	"0"	2	1	8
8	"Intuition Good"	30	0	30	"40"	"0"	2	1	8
8	"Intuition Good"	0	0	36	"40"	"0"	4	1	10
8	"Intuition Bad"	20	0	60	"40"	"0"	3	1	11
8	"Intuition Good"	40	0	32	"40"	"40"	2	1	8
8	"Intuition Bad"	20	1	35	"40"	"40"	1	1	17
8	"Intuition Good"	20	0	50	"40"	"0"	3	1	9
8	"Intuition Bad"	40	1	41	"40"	"0"	4	1	9
8	"Intuition Bad"	40	0	33	"40"	"40"	2	1	9
8	"Intuition Bad"	20	0	20	"40"	"0"	2	1	8
8	"Intuition Bad"	20	1	39	"40"	"0"	5	1	8
8	"Intuition Good"	0	0	28	"40"	"0"	1	1	8
8	"Reflection Good"	40	1	50	"40"	"40"	2	1	22
8	"Intuition Bad"	40	0	42	"40"	"0"	3	1	9
8	"Intuition Bad"	6	0	39	"40"	"0"	2	1	9
8	"Reflection Good"	0	0	34	"40"	"0"	3	1	8
8	"Intuition Good"	32	1	44	"40"	"40"	2	1	13
8	"Intuition Bad"	40	0	35	"40"	"0"	2	1	10
8	"Intuition Bad"	0	0	43	"40"	"0"	3	1	9
8	"Reflection Bad"	30	1	35	"40"	"40"	1	1	10
8	"Reflection Bad"	40	0	36	"40"	"40"	3	1	14
8	"Intuition Bad"	40	1	53	"40"	"40"	1	1	14
8	"Intuition Bad"	0	1	33	"40"	"0"	3	1	9
8	"Reflection Good"	0	1	32	"40"	"0"	3	1	9
8	"Reflection Good"	0	0	29	"40"	"0"	4	1	10
8	"Reflection Bad"	10	1	25	"40"	"0"	3	1	10
8	"Intuition Bad"	0	1	30	"40"	"0"	4	1	8
8	"Intuition Good"	0	0	67	"40"	"0"	3	1	9
8	"Intuition Good"	40	0	28	"40"	"40"	3	1	11
8	"Intuition Good"	40	0	36	"40"	"0"	3	1	8
8	"Intuition Good"	40	0	24	"40"	"0"	2	1	8
8	"Intuition Good"	40	0	26	"40"	"40"	4	1	9
8	"Reflection Bad"	40	0	29	"40"	"0"	3	1	8
8	"Intuition Bad"	40	0	33	"40"	"2"	3	1	9
8	"Intuition Good"	0	0	71	"40"	"0"	3	1	10
8	"Intuition Bad"	20	0	30	"40"	"0"	3	1	10
8	"Intuition Bad"	40	0	59	"40"	"40"	3	1	11
8	"Intuition Bad"	6	1	36	"40"	"0"	1	1	8
8	"Intuition Good"	40	0	50	"40"	"40"	3	1	8
8	"Reflection Good"	30	1	42	"40"	"0"	3	1	9
8	"Reflection Good"	40	0	21	"40"	"0"	3	1	8
8	"Reflection Bad"	40	1	68	"40"	"0"	4	1	11
8	"Reflection Good"	20	1	35	"40"	"0"	2	1	11
8	"Intuition Good"	0	1	23	"40"	"0"	4	1	8
8	"Reflection Good"	40	1	38	"40"	"40"	1	1	10
8	"Intuition Bad"	40	0	27	"40"	"0"	3	1	8
8	"Intuition Bad"	20	0	66	"18"	"22"	2	1	8
8	"Reflection Bad"	24	1	53	"40"	"0"	3	1	13
8	"Reflection Bad"	40	0	45	"40"	"0"	2	1	8
8	"Intuition Bad"	0	0	21	"40"	"0"	1	1	8
8	"Intuition Good"	10	1	52	"40"	"0"	3	1	10
8	"Intuition Good"	2	1	30	"40"	"0"	3	1	10
8	"Reflection Bad"	4	1	25	"40"	"0"	2	1	8
8	"Intuition Bad"	40	0	45	"40"	"0"	4	1	11
8	"Reflection Good"	20	1	23	"40"	"0"	2	1	10
8	"Reflection Bad"	20	0	33	"40"	"40"	3	1	10
8	"Reflection Good"	40	1	54	"40"	"0"	3	1	10
8	"Reflection Bad"	40	0	37	"40"	"0"	1	1	10
8	"Reflection Good"	40	1	29	"40"	"0"	3	1	10
8	"Reflection Bad"	40	1	30	"40"	"0"	2	1	10
8	"Intuition Bad"	20	1	21	"40"	"40"	3	1	8
8	"Intuition Good"	0	1	35	"40"	"0"	4	1	9
8	"Intuition Bad"	40	1	30	"40"	"40"	1	1	13
8	"Reflection Bad"	40	0	23	"40"	"0"	4	1	8
8	"Reflection Bad"	0	0	37	"40"	"40"	4	1	8
8	"Reflection Bad"	0	1	26	"40"	"0"	3	1	8
8	"Intuition Good"	0	1	29	"40"	"0"	5	1	9
8	"Reflection Bad"	10	0	48	"40"	"0"	1	1	8
8	"Reflection Bad"	30	0	28	"40"	"0"	4	1	8
8	"Reflection Bad"	0	1	42	"40"	"0"	5	1	8
8	"Intuition Bad"	20	0	61	"40"	"0"	3	1	10
8	"Reflection Good"	0	1	30	"40"	"0"	1	1	10
8	"Reflection Good"	0	1	38	"40"	"0"	2	1	10
8	"Reflection Bad"	40	0	23	"40"	"0"	3	1	8
8	"Intuition Bad"	40	0	33	"40"	"0"	1	1	8
8	"Intuition Bad"	40	1	40	"40"	"0"	3	1	8
8	"Intuition Bad"	40	1	38	"40"	"0"	1	1	8
8	"Reflection Good"	2	0	24	"40"	"0"	3	1	8
8	"Reflection Good"	0	0	30	"40"	"0"	1	1	8
8	"Reflection Good"	0	0	58	"40"	"0"	5	1	9
8	"Intuition Good"	40	0	38	"40"	"0"	3	1	8
8	"Reflection Good"	10	1	52	"0"	"0"	3	1	9
8	"Reflection Good"	20	1	34	"40"	"0"	4	1	9
8	"Intuition Good"	2	1	23	"40"	"0"	3	1	8
8	"Intuition Bad"	40	1	59	"40"	"0"	4	1	8
8	"Intuition Good"	40	0	29	"40"	"40"	5	1	8
8	"Reflection Good"	40	1	60	"40"	"20"	3	1	9
8	"Intuition Bad"	40	0	48	"40"	"0"	3	1	8
8	"Reflection Good"	40	0	69	"40"	"0"	2	1	14
8	"Intuition Good"	40	0	45	"40"	"0"	4	1	12
8	"Reflection Good"	0	0	29	"40"	"0"	3	1	8
8	"Reflection Good"	40	0	34	"40"	"0"	3	1	8
8	"Reflection Bad"	40	1	34	"40"	"0"	2	1	9
8	"Intuition Bad"	20	1	28	"40"	"0"	3	1	9
8	"Intuition Bad"	40	0	35	"40"	"2"	3	1	8
8	"Intuition Good"	20	0	32	"40"	"0"	2	1	9
8	"Reflection Bad"	40	1	48	"40"	"40"	3	1	10
8	"Reflection Good"	0	0	42	"40"	"0"	3	1	8
8	"Intuition Bad"	30	1	45	"40"	"0"	3	1	10
8	"Intuition Good"	20	1	43	"40"	"0"	3	1	13
8	"Reflection Good"	40	1	35	"40"	"0"	3	1	8
8	"Reflection Bad"	0	0	43	"40"	"0"	2	1	11
8	"Intuition Bad"	40	0	29	"40"	"0"	4	1	9
8	"Intuition Good"	20	0	30	"40"	"0"	2	1	9
8	"Reflection Good"	0	0	33	"40"	"0"	4	1	8
8	"Reflection Good"	20	0	31	"40"	"0"	3	1	8
8	"Reflection Bad"	0	1	39	"40"	"0"	1	1	9
8	"Reflection Good"	10	1	35	"40"	"0"	1	1	9
8	"Intuition Good"	40	1	33	"40"	"30"	3	1	8
8	"Reflection Bad"	0	0	35	"40"	"0"	2	1	8
8	"Reflection Good"	38	1	67	"40"	"0"	4	1	8
8	"Reflection Good"	0	1	28	"40"	"0"	1	1	9
8	"Reflection Bad"	0	1	53	"40"	"0"	3	1	8
8	"Intuition Good"	20	0	26	"40"	"0"	3	1	9
8	"Reflection Good"	20	0	34	"40"	"0"	4	1	8
8	"Intuition Bad"	0	1	38	"40"	"0"	3	1	8
8	"Reflection Bad"	0	1	65	"40"	"0"	4	1	9
8	"Reflection Good"	0	0	30	"40"	"0"	4	1	8
8	"Reflection Bad"	40	1	34	"40"	"0"	1	1	8
8	"Reflection Good"	0	0	46	"40"	"0"	4	1	15
8	"Reflection Bad"	0	1	34	"40"	"0"	1	1	8
8	"Intuition Bad"	20	1	27	"40"	"0"	3	1	8
8	"Reflection Good"	40	0	26	"40"	"40"	3	1	9
8	"Intuition Good"	0	0	63	"40"	"0"	5	1	13
8	"Reflection Good"	20	0	30	"40"	"0"	3	1	9
8	"Intuition Good"	0	0	24	"40"	"0"	3	1	9
8	"Intuition Bad"	40	1	31	"40"	"40"	3	1	9
8	"Intuition Good"	0	0	21	"40"	"0"	3	1	8
8	"Reflection Good"	0	0	21	"40"	"0"	3	1	8
8	"Reflection Bad"	40	0	56	"40"	"0"	3	1	8
8	"Intuition Good"	10	0	36	"40"	"40"	2	1	8
8	"Intuition Bad"	0	0	31	"40"	"0"	2	1	10
8	"Intuition Good"	8	1	44	"40"	"0"	1	1	8
8	"Reflection Good"	40	1	25	"40"	"0"	2	1	9
8	"Reflection Good"	20	1	21	"40"	"0"	2	1	8
8	"Reflection Good"	40	0	30	"40"	"0"	3	1	8
8	"Reflection Bad"	40	0	30	"40"	"0"	2	1	8
8	"Intuition Good"	40	0	24	"40"	"40"	2	1	8
8	"Intuition Good"	20	1	26	"40"	"0"	1	1	9
8	"Intuition Good"	40	1	27	"40"	"0"	3	1	12
8	"Reflection Good"	20	1	46	"40"	"0"	2	1	9
8	"Reflection Good"	40	0	33	"40"	"0"	1	1	9
8	"Intuition Good"	0	1	28	"40"	"0"	4	1	11
8	"Reflection Good"	40	0	31	"40"	"0"	4	1	9
8	"Reflection Good"	16	0	23	"40"	"0"	4	1	8
8	"Intuition Good"	20	0	63	"40"	"0"	3	1	9
8	"Intuition Bad"	40	0	24	"40"	"40"	1	1	9
8	"Intuition Good"	40	0	25	"20"	"40"	3	1	8
8	"Intuition Bad"	0	1	27	"40"	"0"	2	1	9
8	"Reflection Bad"	10	1	32	"40"	"0"	1	1	10
8	"Reflection Bad"	0	0	51	"0"	"0"	3	1	13
8	"Reflection Bad"	40	0	34	"40"	"40"	1	1	11
8	"Intuition Good"	40	0	36	"40"	"0"	2	1	8
8	"Intuition Bad"	0	1	55	"40"	"0"	3	1	9
8	"Reflection Bad"	0	0	26	"40"	"0"	1	1	9
8	"Reflection Good"	0	0	25	"40"	"0"	1	1	10
8	"Intuition Bad"	40	0	32	"40"	"0"	3	1	9
8	"Intuition Bad"	0	0	34	"40"	"0"	5	1	9
8	"Intuition Bad"	0	0	32	"40"	"0"	1	1	11
8	"Intuition Bad"	40	1	27	"40"	"0"	3	1	12
8	"Intuition Good"	10	1	31	"40"	"0"	1	1	8
8	"Intuition Good"	0	1	27	"40"	"0"	1	1	10
8	"Intuition Good"	40	1	29	"40"	"0"	3	1	10
8	"Intuition Bad"	20	0	33	"40"	"0"	4	1	9
8	"Reflection Good"	20	0	24	"40"	"0"	4	1	8
8	"Reflection Bad"	30	0	25	"20"	"40"	2	1	9
8	"Reflection Bad"	40	1	36	"40"	"0"	3	1	10
8	"Intuition Good"	0	0	27	"40"	"0"	3	1	8
8	"Intuition Good"	2	1	50	"40"	"0"	3	1	9
8	"Intuition Good"	0	0	30	"40"	"0"	2	1	8
8	"Reflection Good"	40	0	32	"40"	"40"	3	1	14
8	"Intuition Good"	40	1	41	"40"	"40"	1	1	10
8	"Reflection Good"	40	1	54	"40"	"0"	3	1	11
8	"Intuition Good"	6	0	38	"26"	"40"	3	1	8
8	"Reflection Good"	10	1	35	"40"	"0"	1	1	9
8	"Intuition Bad"	0	0	62	"40"	"0"	3	1	11
8	"Reflection Bad"	14	1	32	"40"	"0"	3	1	14
8	"Intuition Bad"	0	1	30	"40"	"0"	4	1	8
8	"Reflection Good"	40	1	54	"40"	"0"	5	1	9
8	"Reflection Good"	8	1	28	"40"	"4"	1	1	9
8	"Intuition Bad"	30	1	24	"40"	"40"	2	1	14
8	"Intuition Good"	20	0	28	"40"	"0"	4	1	9
8	"Reflection Good"	0	0	24	"40"	"0"	1	1	8
8	"Intuition Good"	40	1	47	"40"	"0"	1	1	10
8	"Intuition Bad"	10	0	29	"40"	"0"	2	1	8
8	"Reflection Good"	10	1	26	"40"	"0"	3	1	9
8	"Intuition Good"	40	1	35	"40"	"0"	3	1	10
8	"Reflection Bad"	0	1	38	"40"	"0"	5	1	10
8	"Intuition Bad"	20	1	29	"40"	"0"	3	1	14
8	"Reflection Good"	40	0	53	"40"	"0"	3	1	9
8	"Reflection Bad"	0	0	27	"40"	"0"	3	1	8
8	"Intuition Good"	40	1	50	"40"	"0"	3	1	9
8	"Intuition Good"	40	0	58	"40"	"0"	3	1	9
8	"Intuition Bad"	0	1	45	"40"	"0"	3	1	9
8	"Intuition Good"	10	1	28	"40"	"0"	1	1	8
8	"Reflection Good"	40	1	64	"40"	"0"	3	1	10
8	"Reflection Good"	0	0	33	"40"	"0"	3	1	30
8	"Reflection Bad"	10	0	25	"40"	"40"	2	1	11
8	"Reflection Good"	10	0	32	"40"	"40"	4	1	8
8	"Intuition Bad"	10	1	22	"40"	"0"	2	1	10
8	"Intuition Bad"	40	1	25	"40"	"0"	4	1	10
8	"Intuition Bad"	40	1	45	"40"	"0"	3	1	9
8	"Intuition Bad"	8	0	29	"40"	"0"	1	1	10
8	"Intuition Bad"	40	0	28	"40"	"0"	4	1	8
8	"Reflection Bad"	10	1	47	"40"	"40"	3	1	13
8	"Reflection Good"	0	0	24	"40"	"0"	1	1	9
8	"Reflection Good"	6	1	21	"40"	"0"	3	1	8
8	"Intuition Bad"	32	0	60	"40"	"0"	3	1	10
8	"Reflection Bad"	10	1	24	"40"	"0"	2	1	8
8	"Intuition Good"	40	1	23	"40"	"0"	2	1	12
8	"Intuition Good"	40	1	50	"40"	"0"	3	1	11
8	"Intuition Good"	40	0	35	"40"	"0"	3	1	9
8	"Intuition Good"	10	1	25	"40"	"40"	2	1	9
8	"Intuition Bad"	0	1	28	"40"	"0"	3	1	8
8	"Reflection Bad"	20	1	38	"40"	"0"	3	1	8
8	"Reflection Bad"	40	1	48	"40"	"30"	3	1	11
8	"Reflection Bad"	2	1	31	"4"	"4"	1	1	8
8	"Intuition Bad"	20	0	26	"40"	"40"	3	1	10
8	"Reflection Bad"	40	1	35	"40"	"20"	3	1	8
8	"Reflection Good"	40	1	23	"40"	"40"	3	1	9
8	"Intuition Bad"	40	0	26	"40"	"0"	3	1	8
8	"Intuition Bad"	40	1	29	"40"	"40"	1	1	9
8	"Intuition Good"	40	1	46	"40"	"0"	3	1	10
8	"Intuition Good"	10	1	23	"0"	"0"	1	1	8
8	"Intuition Good"	40	1	49	"40"	"0"	1	1	8
8	"Reflection Bad"	40	1	31	"40"	"0"	1	1	11
8	"Reflection Bad"	30	1	24	"40"	"0"	2	1	8
8	"Reflection Bad"	40	0	36	"40"	"40"	4	1	10
8	"Intuition Good"	10	1	55	"40"	"0"	4	1	8
8	"Intuition Good"	40	1	65	"40"	"0"	1	1	8
8	"Intuition Good"	40	0	20	"40"	"0"	1	1	8
8	"Reflection Good"	0	1	22	"40"	"0"	3	1	8
8	"Reflection Bad"	40	1	28	"40"	"0"	1	1	9
8	"Reflection Good"	20	1	26	"40"	"40"	1	1	8
8	"Reflection Bad"	20	1	46	"40"	"0"	1	1	9
8	"Reflection Bad"	40	0	41	"40"	"0"	3	1	8
8	"Reflection Good"	20	1	55	"40"	"0"	2	1	9
8	"Reflection Bad"	20	1	32	"40"	"40"	2	1	8
8	"Reflection Good"	30	1	38	"40"	"0"	2	1	9
8	"Reflection Bad"	0	1	32	"40"	"0"	2	1	9
8	"Intuition Good"	0	0	35	"40"	"0"	3	1	8
8	"Reflection Bad"	40	0	38	"40"	"40"	3	1	8
8	"Intuition Good"	40	0	45	"40"	"0"	4	1	8
8	"Reflection Good"	20	1	26	"40"	"40"	1	1	8
8	"Reflection Bad"	10	0	32	"40"	"0"	1	1	8
8	"Intuition Bad"	20	0	36	"40"	"0"	1	1	9
8	"Reflection Bad"	40	0	28	"40"	"40"	1	1	13
8	"Intuition Bad"	0	0	25	"40"	"40"	3	1	8
8	"Reflection Good"	40	0	54	"40"	"2"	2	1	11
8	"Reflection Good"	40	1	46	"40"	"0"	3	1	8
8	"Reflection Good"	10	0	45	"40"	"0"	3	1	9
8	"Reflection Good"	20	1	44	"40"	"0"	3	1	9
8	"Intuition Good"	40	0	47	"40"	"0"	4	1	8
8	"Reflection Bad"	0	1	26	"40"	"0"	4	1	9
8	"Reflection Bad"	40	1	49	"40"	"0"	3	1	12
8	"Intuition Good"	0	1	32	"0"	"0"	3	1	8
8	"Intuition Bad"	40	1	28	"40"	"0"	2	1	8
8	"Reflection Bad"	40	1	52	"40"	"0"	3	1	9
8	"Reflection Good"	30	1	24	"40"	"0"	2	1	9
8	"Reflection Good"	40	1	62	"40"	"40"	1	1	9
8	"Reflection Good"	40	1	29	"40"	"0"	3	1	8
8	"Intuition Good"	40	1	40	"40"	"0"	3	1	9
8	"Intuition Bad"	40	0	29	"40"	"0"	2	1	8
8	"Reflection Bad"	2	0	41	"20"	"40"	3	1	8
8	"Reflection Bad"	40	1	71	"40"	"40"	3	1	8
8	"Reflection Bad"	40	1	21	"40"	"0"	4	1	8
8	"Intuition Bad"	40	1	34	"40"	"0"	2	1	11
8	"Intuition Bad"	40	0	32	"40"	"0"	4	1	8
8	"Intuition Bad"	20	0	25	"40"	"0"	3	1	10
8	"Intuition Good"	20	0	28	"40"	"0"	4	1	9
8	"Intuition Good"	0	0	43	"40"	"0"	2	1	8
8	"Reflection Bad"	0	1	34	"40"	"0"	1	1	8
8	"Intuition Good"	10	1	31	"40"	"0"	1	1	8
8	"Reflection Bad"	40	1	36	"40"	"0"	3	1	8
8	"Reflection Good"	40	1	77	"40"	"0"	3	1	12
8	"Reflection Good"	40	1	28	"40"	"0"	4	1	8
8	"Reflection Good"	40	0	33	"40"	"0"	1	1	8
8	"Reflection Bad"	36	0	26	"40"	"40"	1	1	8
8	"Intuition Bad"	0	1	38	"40"	"0"	3	1	8
8	"Intuition Bad"	0	1	57	"40"	"0"	5	1	8
8	"Intuition Bad"	40	1	48	"40"	"0"	2	1	10
8	"Reflection Bad"	40	0	23	"40"	"0"	3	1	9
8	"Reflection Good"	20	0	28	"40"	"0"	1	1	8
8	"Intuition Bad"	40	1	40	"40"	"0"	3	1	8
8	"Reflection Bad"	40	0	27	"40"	"40"	1	1	9
8	"Reflection Good"	40	1	35	"40"	"40"	1	1	8
8	"Intuition Bad"	40	1	39	"40"	"0"	1	1	8
8	"Intuition Bad"	40	1	49	"40"	"40"	2	1	9
8	"Intuition Good"	40	1	69	"40"	"40"	3	1	8
8	"Reflection Bad"	40	0	47	"40"	"0"	1	1	8
8	"Intuition Bad"	40	1	27	"40"	"0"	3	1	8
8	"Reflection Bad"	40	0	26	"40"	"40"	3	1	10
8	"Reflection Good"	10	0	30	"40"	"0"	1	1	18
8	"Intuition Good"	0	0	25	"40"	"0"	3	1	8
8	"Intuition Good"	0	0	36	"40"	"0"	2	1	11
8	"Reflection Bad"	0	0	28	"40"	"0"	3	1	8
8	"Intuition Good"	40	1	44	"40"	"0"	1	1	8
8	"Intuition Good"	40	0	48	"40"	"40"	3	1	8
8	"Reflection Good"	30	0	38	"40"	"0"	3	1	8
8	"Reflection Good"	40	0	31	"40"	"0"	3	1	8
8	"Reflection Bad"	40	1	59	"40"	"0"	3	1	9
8	"Reflection Bad"	20	0	27	"40"	"0"	3	1	11
8	"Intuition Bad"	40	0	29	"40"	"0"	3	1	8
8	"Intuition Good"	40	0	45	"40"	"0"	1	1	9
8	"Intuition Bad"	40	1	51	"40"	"0"	3	1	12
8	"Intuition Bad"	20	1	36	"40"	"0"	4	1	9
8	"Intuition Bad"	0	1	30	"40"	"0"	3	1	10
8	"Intuition Good"	30	1	43	"40"	"40"	3	1	25
8	"Intuition Good"	10	0	35	"40"	"0"	3	1	8
8	"Reflection Bad"	20	1	30	"40"	"0"	3	1	8
8	"Reflection Bad"	40	0	54	"40"	"0"	1	1	12
8	"Intuition Bad"	2	1	38	"40"	"0"	4	1	8
8	"Intuition Bad"	20	1	26	"40"	"40"	3	1	10
8	"Reflection Bad"	40	0	24	"40"	"0"	3	1	10
8	"Intuition Good"	40	1	42	"40"	"40"	3	1	9
8	"Intuition Bad"	40	0	27	"40"	"0"	4	1	9
8	"Reflection Bad"	40	1	53	"40"	"0"	3	1	14
8	"Reflection Good"	0	1	47	"40"	"0"	2	1	9
8	"Intuition Bad"	40	0	30	"40"	"0"	3	1	8
8	"Intuition Bad"	10	1	64	"40"	"0"	3	1	10
8	"Intuition Good"	30	0	45	"40"	"0"	1	1	8
8	"Reflection Good"	0	0	34	"40"	"0"	2	1	8
8	"Intuition Bad"	20	0	43	"40"	"0"	3	1	8
8	"Reflection Good"	20	1	28	"40"	"0"	3	1	10
8	"Intuition Bad"	10	0	27	"40"	"0"	2	1	13
8	"Intuition Bad"	10	0	33	"40"	"0"	3	1	10
8	"Reflection Good"	16	0	29	"40"	"0"	2	1	9
8	"Reflection Bad"	0	0	26	"40"	"0"	3	1	9
8	"Intuition Good"	40	0	53	"40"	"0"	1	1	9
8	"Reflection Good"	40	1	53	"40"	"0"	3	1	9
8	"Intuition Good"	40	1	55	"40"	"40"	3	1	11
8	"Intuition Bad"	20	0	27	"40"	"40"	1	1	9
8	"Reflection Bad"	40	1	29	"40"	"20"	2	1	8
8	"Intuition Bad"	40	0	52	"40"	"0"	3	1	8
8	"Reflection Bad"	40	1	38	"40"	"0"	3	1	12
8	"Intuition Good"	40	1	40	"40"	"0"	1	1	10
8	"Intuition Good"	10	1	30	"40"	"0"	4	1	9
8	"Intuition Good"	10	1	43	"40"	"0"	4	1	8
8	"Reflection Good"	0	0	26	"40"	"0"	3	1	9
8	"Intuition Bad"	40	1	35	"40"	"40"	4	1	9
8	"Intuition Bad"	20	0	44	"40"	"0"	3	1	8
8	"Intuition Good"	20	0	18	"40"	"0"	3	1	10
8	"Intuition Bad"	20	0	44	"40"	"0"	3	1	9
8	"Reflection Bad"	40	0	48	"40"	"0"	3	1	8
8	"Reflection Good"	40	1	52	"40"	"0"	4	1	9
8	"Reflection Bad"	0	0	23	"40"	"0"	3	1	8
8	"Intuition Good"	40	0	54	"40"	"40"	3	1	9
8	"Reflection Good"	30	0	23	"40"	"20"	3	1	8
8	"Intuition Bad"	0	1	31	"40"	"0"	3	1	9
8	"Intuition Bad"	10	1	40	"20"	"40"	1	1	9
8	"Intuition Good"	20	1	23	"40"	"0"	1	1	9
8	"Reflection Bad"	10	1	22	"40"	"0"	4	1	10
8	"Reflection Bad"	40	0	55	"40"	"0"	3	1	15
8	"Reflection Good"	20	1	24	"40"	"0"	1	1	8
8	"Reflection Bad"	0	1	36	"40"	"0"	2	1	11
8	"Reflection Good"	20	0	31	"30"	"20"	3	1	8
8	"Reflection Good"	0	0	33	"40"	"0"	1	1	10
8	"Reflection Bad"	40	1	45	"40"	"0"	3	1	12
8	"Intuition Good"	40	1	28	"40"	"0"	3	1	9
8	"Reflection Good"	40	1	32	"40"	"0"	3	1	8
8	"Reflection Good"	40	1	45	"40"	"40"	1	1	10
8	"Intuition Good"	0	1	46	"40"	"0"	3	1	10
8	"Reflection Good"	40	1	36	"40"	"0"	3	1	12
8	"Intuition Bad"	0	0	42	"40"	"0"	1	1	9
8	"Reflection Bad"	0	0	30	"40"	"0"	2	1	8
8	"Reflection Good"	38	0	30	"40"	"0"	3	1	8
8	"Reflection Bad"	40	1	37	"40"	"0"	3	1	10
8	"Intuition Good"	40	0	26	"40"	"0"	3	1	8
8	"Reflection Good"	0	1	21	"40"	"20"	1	1	12
8	"Intuition Bad"	40	1	34	"40"	"0"	3	1	13
8	"Reflection Bad"	0	1	26	"40"	"0"	2	1	9
8	"Intuition Bad"	40	0	59	"40"	"0"	3	1	9
8	"Reflection Bad"	40	0	26	"0"	"40"	1	1	9
8	"Intuition Good"	0	1	35	"40"	"0"	4	1	8
8	"Reflection Good"	40	0	23	"40"	"0"	3	1	11
8	"Reflection Good"	20	0	60	"40"	"0"	4	1	10
8	"Reflection Bad"	40	1	51	"40"	"0"	4	1	8
8	"Intuition Bad"	40	1	23	"40"	"0"	5	1	8
8	"Intuition Bad"	40	1	39	"40"	"40"	3	1	9
8	"Reflection Bad"	40	1	30	"40"	"0"	1	1	8
8	"Reflection Good"	40	0	43	"40"	"0"	1	1	9
8	"Reflection Bad"	40	1	62	"40"	"0"	2	1	8
8	"Reflection Good"	20	1	26	"24"	"16"	1	1	8
8	"Intuition Bad"	20	0	70	"40"	"40"	1	1	9
8	"Reflection Good"	0	1	30	"40"	"0"	1	1	10
8	"Reflection Good"	10	1	52	"40"	"0"	3	1	8
8	"Intuition Bad"	20	1	29	"40"	"0"	3	1	8
8	"Intuition Good"	0	1	24	"40"	"0"	3	1	8
8	"Reflection Good"	40	0	45	"40"	"0"	3	1	10
8	"Reflection Good"	40	0	36	"40"	"0"	3	1	8
8	"Intuition Bad"	0	0	27	"40"	"0"	1	1	8
8	"Intuition Bad"	0	0	31	"40"	"0"	3	1	9
8	"Reflection Bad"	0	1	43	"40"	"0"	1	1	8
8	"Intuition Good"	40	1	42	"40"	"0"	3	1	9
8	"Reflection Bad"	40	0	24	"40"	"0"	1	1	9
8	"Reflection Good"	40	1	55	"40"	"0"	3	1	9
8	"Reflection Bad"	0	0	29	"40"	"40"	4	1	9
8	"Reflection Good"	40	0	44	"40"	"0"	2	1	13
8	"Intuition Bad"	40	1	33	"40"	"0"	3	1	8
8	"Reflection Bad"	40	1	39	"40"	"0"	3	1	14
8	"Intuition Good"	40	0	41	"40"	"20"	2	1	11
8	"Intuition Bad"	40	0	44	"40"	"0"	3	1	9
8	"Reflection Good"	16	0	24	"12"	"14"	3	1	8
8	"Reflection Bad"	40	0	32	"40"	"0"	3	1	11
8	"Reflection Bad"	40	1	40	"40"	"0"	4	1	9
8	"Intuition Good"	40	1	38	"40"	"40"	1	1	8
8	"Intuition Bad"	10	0	29	"40"	"0"	3	1	11
8	"Reflection Good"	0	1	43	"40"	"0"	4	1	17
8	"Reflection Bad"	20	0	33	"40"	"0"	3	1	10
8	"Intuition Good"	10	1	52	"40"	"0"	5	1	12
8	"Reflection Good"	20	1	45	"40"	"0"	3	1	8
8	"Intuition Bad"	0	1	37	"40"	"0"	3	1	9
8	"Intuition Good"	0	1	29	"0"	"0"	1	1	9
8	"Intuition Bad"	0	0	35	"40"	"0"	3	1	8
8	"Reflection Bad"	0	0	33	"40"	"0"	1	1	9
8	"Reflection Bad"	2	1	33	"40"	"0"	2	1	9
8	"Intuition Good"	40	0	34	"40"	"0"	4	1	11
8	"Reflection Bad"	20	1	62	"40"	"0"	3	1	12
8	"Intuition Bad"	10	1	29	"40"	"0"	3	1	8
8	"Intuition Good"	20	0	26	"40"	"0"	1	1	8
8	"Reflection Bad"	40	0	59	"40"	"40"	2	1	9
8	"Intuition Bad"	40	0	34	"40"	"0"	3	1	9
8	"Reflection Good"	40	0	25	"40"	"40"	3	1	8
8	"Intuition Bad"	0	1	36	"40"	"0"	1	1	11
8	"Intuition Bad"	0	0	52	"40"	"0"	3	1	9
8	"Reflection Bad"	22	1	36	"30"	"30"	3	1	8
8	"Intuition Bad"	40	0	27	"40"	"0"	3	1	10
8	"Intuition Good"	0	1	52	"40"	"0"	3	1	12
8	"Intuition Bad"	40	0	36	"40"	"0"	2	1	10
8	"Intuition Good"	30	1	47	"40"	"0"	3	1	11
8	"Intuition Bad"	10	1	37	"40"	"0"	3	1	8
8	"Intuition Bad"	40	1	41	"40"	"0"	3	1	10
8	"Intuition Bad"	20	1	30	"40"	"0"	2	1	8
8	"Intuition Bad"	0	0	24	"40"	"0"	3	1	8
8	"Intuition Good"	28	1	42	"40"	"0"	4	1	9
8	"Intuition Bad"	0	0	21	"40"	"0"	1	1	10
8	"Reflection Good"	30	0	39	"40"	"0"	2	1	12
8	"Intuition Bad"	40	1	28	"0"	"0"	3	1	9
8	"Reflection Good"	40	1	50	"40"	"0"	3	1	8
8	"Intuition Bad"	0	0	28	"40"	"0"	3	1	8
8	"Reflection Good"	40	0	33	"40"	"0"	3	1	8
8	"Intuition Bad"	0	1	41	"40"	"0"	4	1	8
8	"Intuition Bad"	40	0	39	"40"	"0"	2	1	11
8	"Reflection Good"	2	0	24	"20"	"0"	3	1	8
8	"Intuition Bad"	26	0	22	"40"	"0"	3	1	8
8	"Intuition Bad"	40	1	55	"40"	"0"	2	1	10
8	"Intuition Good"	20	1	30	"40"	"0"	4	1	8
8	"Intuition Bad"	40	0	35	"40"	"0"	3	1	11
8	"Intuition Bad"	10	0	20	"10"	"20"	3	1	8
8	"Reflection Good"	0	0	23	"40"	"40"	3	1	8
8	"Intuition Bad"	20	1	30	"40"	"0"	1	1	9
8	"Reflection Bad"	0	0	25	"40"	"0"	1	1	10
8	"Intuition Good"	40	0	35	"40"	"0"	1	1	8
8	"Intuition Bad"	10	1	53	"40"	"0"	3	1	8
8	"Intuition Bad"	40	0	25	"40"	"0"	1	2	9
8	"Reflection Good"	0	0	30	"40"	"0"	3	2	8
8	"Intuition Bad"	0	0	27	"40"	"0"	3	2	9
8	"Intuition Good"	40	1	36	"40"	"0"	4	2	9
8	"Intuition Bad"	40	1	65	"40"	"0"	5	2	14
8	"Reflection Good"	40	1	36	"40"	"0"	4	2	9
8	"Intuition Good"	30	1	50	"40"	"0"	3	2	8
8	"Reflection Good"	40	1	52	"40"	"40"	3	2	8
8	"Reflection Good"	40	1	48	"40"	"0"	4	2	9
8	"Reflection Good"	20	1	34	"40"	"40"	2	2	10
8	"Intuition Bad"	4	1	33	"40"	"0"	2	2	10
8	"Reflection Bad"	40	1	55	"40"	"0"	4	2	9
8	"Intuition Good"	0	1	43	"2"	"0"	2	2	9
8	"Reflection Bad"	0	0	45	"40"	"0"	1	2	15
8	"Reflection Bad"	10	1	34	"40"	"0"	3	2	11
8	"Intuition Good"	0	0	66	"40"	"0"	3	2	11
8	"Reflection Good"	8	1	48	"40"	"0"	3	2	9
8	"Intuition Bad"	40	0	38	"40"	"0"	4	2	27
8	"Reflection Good"	0	1	30	"40"	"0"	1	2	8
8	"Intuition Good"	40	0	37	"40"	"0"	5	2	8
8	"Intuition Bad"	40	1	27	"40"	"0"	2	2	9
8	"Reflection Good"	20	0	41	"40"	"0"	3	2	8
8	"Intuition Bad"	4	1	34	"40"	"0"	3	2	8
8	"Intuition Good"	40	0	26	"40"	"0"	2	2	10
8	"Reflection Bad"	20	1	50	"40"	"0"	5	2	12
8	"Intuition Good"	40	1	60	"40"	"0"	3	2	18
8	"Reflection Bad"	40	1	45	"40"	"0"	3	2	10
8	"Intuition Bad"	20	0	25	"40"	"40"	3	2	8
8	"Reflection Good"	20	1	27	"40"	"0"	5	2	8
8	"Reflection Good"	0	1	30	"40"	"0"	3	2	8
8	"Reflection Good"	40	1	28	"40"	"0"	2	2	8
8	"Intuition Good"	20	1	48	"40"	"40"	1	2	9
8	"Reflection Good"	0	0	21	"40"	"0"	3	2	8
8	"Intuition Good"	20	1	48	"40"	"0"	3	2	8
8	"Reflection Bad"	10	0	21	"40"	"0"	2	2	9
8	"Reflection Bad"	20	0	39	"40"	"0"	1	2	13
8	"Intuition Good"	30	1	34	"40"	"0"	3	2	9
8	"Intuition Good"	0	0	54	"40"	"0"	3	2	10
8	"Intuition Good"	20	1	33	"40"	"0"	4	2	9
8	"Intuition Good"	0	1	30	"40"	"0"	1	2	8
8	"Reflection Bad"	40	0	43	"40"	"0"	2	2	10
8	"Intuition Bad"	40	1	49	"40"	"0"	4	2	8
8	"Intuition Good"	40	1	37	"40"	"0"	3	2	11
8	"Reflection Bad"	20	1	36	"40"	"0"	2	2	12
8	"Intuition Good"	40	1	65	"40"	"40"	3	2	8
8	"Intuition Bad"	40	0	32	"40"	"40"	3	2	10
8	"Intuition Good"	30	0	33	"40"	"0"	2	2	10
8	"Reflection Good"	20	1	32	"40"	"0"	3	2	9
8	"Intuition Bad"	34	0	37	"40"	"30"	1	2	8
8	"Intuition Good"	0	0	69	"40"	"0"	1	2	15
8	"Reflection Bad"	20	0	25	"40"	"0"	4	2	8
8	"Intuition Bad"	40	1	41	"40"	"40"	1	2	10
8	"Reflection Bad"	40	0	49	"40"	"0"	5	2	8
8	"Intuition Bad"	10	1	51	"40"	"0"	5	2	8
8	"Reflection Good"	40	0	39	"40"	"0"	4	2	8
8	"Reflection Good"	40	1	28	"40"	"0"	5	2	8
8	"Intuition Good"	40	0	49	"40"	"0"	2	2	11
8	"Reflection Good"	0	1	40	"40"	"0"	1	2	10
8	"Intuition Bad"	20	1	40	"20"	"0"	5	2	8
8	"Reflection Bad"	40	0	36	"40"	"0"	2	2	10
8	"Intuition Bad"	0	1	55	"40"	"0"	3	2	11
8	"Intuition Bad"	40	1	51	"40"	"0"	3	2	9
8	"Intuition Bad"	0	1	23	"40"	"0"	2	2	9
8	"Reflection Good"	0	1	57	"40"	"0"	3	2	11
8	"Intuition Good"	40	1	32	"40"	"0"	3	2	8
8	"Reflection Good"	40	0	36	"40"	"12"	4	2	8
8	"Intuition Bad"	40	0	65	"40"	"0"	4	2	12
8	"Reflection Good"	40	1	26	"40"	"0"	1	2	8
8	"Intuition Good"	40	1	59	"40"	"0"	2	2	9
8	"Intuition Good"	20	0	40	"40"	"0"	2	2	10
8	"Reflection Good"	20	1	37	"40"	"0"	1	2	12
8	"Reflection Bad"	40	0	25	"40"	"0"	1	2	10
8	"Reflection Good"	32	1	59	"38"	"40"	3	2	10
8	"Reflection Good"	0	1	64	"40"	"0"	1	2	13
8	"Reflection Bad"	4	0	30	"40"	"0"	2	2	8
8	"Intuition Good"	40	1	48	"40"	"0"	1	2	9
8	"Intuition Bad"	40	1	37	"40"	"0"	1	2	11
8	"Reflection Bad"	0	0	27	"40"	"0"	4	2	8
8	"Intuition Bad"	20	0	23	"40"	"40"	3	2	9
8	"Reflection Good"	0	0	26	"40"	"0"	3	2	10
8	"Intuition Good"	40	1	29	"40"	"40"	1	2	12
8	"Reflection Good"	40	1	36	"40"	"40"	3	2	9
8	"Reflection Good"	14	1	20	"40"	"0"	4	2	9
8	"Reflection Bad"	40	1	40	"40"	"0"	3	2	8
8	"Reflection Bad"	40	1	24	"40"	"2"	3	2	9
8	"Intuition Good"	0	1	46	"40"	"0"	4	2	8
8	"Reflection Bad"	40	1	55	"40"	"0"	5	2	8
8	"Reflection Bad"	20	1	58	"40"	"20"	3	2	8
8	"Intuition Bad"	40	0	29	"40"	"0"	2	2	9
8	"Reflection Good"	26	1	31	"40"	"0"	2	2	9
8	"Intuition Good"	40	1	50	"40"	"0"	4	2	8
8	"Intuition Bad"	26	0	31	"40"	"20"	3	2	10
8	"Intuition Bad"	40	1	25	"40"	"0"	3	2	8
8	"Reflection Good"	10	0	24	"40"	"0"	1	2	8
8	"Reflection Bad"	20	1	30	"40"	"0"	3	2	8
8	"Reflection Good"	40	1	32	"40"	"0"	3	2	8
8	"Reflection Bad"	0	0	26	"40"	"0"	3	2	10
8	"Reflection Good"	18	0	24	"20"	"20"	2	2	9
8	"Reflection Good"	40	1	27	"40"	"40"	3	2	9
8	"Reflection Good"	10	0	32	"40"	"0"	3	2	9
8	"Intuition Good"	40	1	60	"40"	"40"	1	2	8
8	"Reflection Good"	40	1	31	"40"	"40"	3	2	8
8	"Intuition Bad"	20	0	38	"40"	"0"	3	2	9
8	"Intuition Bad"	40	1	42	"40"	"0"	3	2	10
8	"Intuition Bad"	40	0	30	"40"	"0"	3	2	9
8	"Intuition Good"	30	1	32	"40"	"0"	4	2	8
8	"Intuition Bad"	40	0	48	"40"	"0"	2	2	8
8	"Reflection Bad"	0	0	27	"40"	"20"	1	2	8
8	"Intuition Good"	0	0	24	"40"	"0"	5	2	9
8	"Reflection Good"	0	1	25	"40"	"0"	2	2	10
8	"Intuition Bad"	26	0	30	"40"	"40"	1	2	10
8	"Intuition Bad"	10	0	42	"40"	"0"	2	2	8
8	"Reflection Bad"	30	0	34	"40"	"0"	3	2	8
8	"Reflection Good"	40	0	52	"40"	"0"	3	2	19
8	"Intuition Good"	40	0	30	"40"	"10"	4	2	8
8	"Reflection Bad"	20	1	41	"40"	"40"	4	2	13
8	"Intuition Bad"	2	0	66	"20"	"0"	3	2	19
8	"Reflection Bad"	30	1	46	"40"	"0"	3	2	8
8	"Intuition Bad"	10	1	50	"40"	"0"	3	2	12
8	"Intuition Good"	40	0	25	"40"	"40"	1	2	8
8	"Reflection Good"	40	1	66	"40"	"0"	3	2	9
8	"Reflection Bad"	10	0	24	"0"	"0"	1	2	11
8	"Intuition Good"	26	1	24	"20"	"40"	1	2	9
8	"Reflection Good"	10	1	27	"40"	"0"	4	2	8
8	"Reflection Bad"	0	1	37	"40"	"0"	4	2	8
8	"Intuition Bad"	40	0	65	"40"	"0"	2	2	9
8	"Intuition Good"	0	1	30	"40"	"0"	3	2	8
8	"Reflection Bad"	10	1	23	"20"	"0"	3	2	8
8	"Intuition Good"	0	1	41	"40"	"0"	4	2	9
8	"Reflection Good"	22	1	37	"40"	"20"	3	2	10
8	"Intuition Bad"	40	1	24	"40"	"0"	4	2	8
8	"Intuition Good"	40	0	36	"40"	"0"	3	2	10
8	"Reflection Good"	2	0	27	"40"	"0"	3	2	12
8	"Reflection Bad"	0	1	38	"0"	"0"	2	2	9
8	"Reflection Good"	40	1	52	"40"	"0"	3	2	8
8	"Reflection Good"	0	1	42	"40"	"0"	4	2	10
8	"Intuition Good"	0	0	22	"40"	"0"	5	2	9
8	"Intuition Good"	26	0	53	"40"	"0"	3	2	9
8	"Reflection Bad"	20	0	21	"40"	"0"	4	2	8
8	"Intuition Good"	40	0	52	"40"	"0"	5	2	8
8	"Reflection Good"	40	1	38	"40"	"40"	3	2	8
8	"Intuition Bad"	0	0	45	"40"	"0"	5	2	10
8	"Intuition Good"	30	0	36	"40"	"0"	3	2	11
8	"Intuition Good"	8	0	29	"22"	"18"	4	2	8
8	"Reflection Bad"	40	0	28	"40"	"40"	3	2	8
8	"Intuition Bad"	40	1	64	"40"	"0"	4	2	10
8	"Reflection Good"	20	1	44	"40"	"0"	3	2	15
8	"Reflection Good"	20	0	39	"40"	"0"	1	2	8
8	"Reflection Good"	40	1	27	"40"	"0"	4	2	8
8	"Intuition Good"	28	0	24	"24"	"30"	2	2	8
8	"Reflection Bad"	40	0	30	"40"	"0"	1	2	8
8	"Intuition Bad"	20	1	58	"40"	"0"	2	2	10
8	"Intuition Bad"	0	0	37	"40"	"0"	3	2	9
8	"Intuition Bad"	40	1	62	"40"	"0"	3	2	11
8	"Intuition Bad"	20	1	29	"40"	"0"	3	2	8
8	"Intuition Bad"	40	0	33	"40"	"0"	3	2	8
8	"Intuition Bad"	2	0	19	"40"	"0"	3	2	9
8	"Intuition Bad"	20	1	23	"40"	"10"	1	2	8
8	"Reflection Bad"	40	1	34	"40"	"0"	3	2	10
8	"Reflection Bad"	0	1	28	"40"	"0"	4	2	10
8	"Reflection Good"	40	0	45	"40"	"0"	3	2	8
8	"Intuition Bad"	40	1	60	"40"	"0"	4	2	8
8	"Reflection Good"	0	0	31	"40"	"0"	3	2	9
8	"Intuition Good"	0	1	48	"40"	"0"	1	2	8
8	"Reflection Bad"	40	0	41	"40"	"0"	3	2	10
8	"Intuition Good"	40	1	42	"40"	"0"	3	2	8
8	"Intuition Good"	40	1	28	"40"	"0"	3	2	8
8	"Reflection Good"	0	0	22	"40"	"0"	2	2	9
8	"Reflection Good"	20	0	52	"40"	"0"	3	2	8
8	"Intuition Good"	20	0	33	"40"	"0"	1	2	8
8	"Intuition Good"	10	0	72	"40"	"0"	3	2	11
8	"Intuition Good"	0	0	35	"40"	"0"	1	2	12
8	"Intuition Bad"	40	0	26	"40"	"0"	3	2	11
8	"Reflection Good"	0	0	23	"40"	"0"	4	2	10
8	"Reflection Bad"	40	0	43	"40"	"0"	1	2	14
8	"Reflection Good"	40	1	43	"40"	"0"	2	2	8
8	"Intuition Good"	40	1	32	"40"	"20"	3	2	10
8	"Intuition Bad"	40	1	27	"40"	"0"	3	2	9
8	"Reflection Good"	20	0	27	"40"	"0"	1	2	8
8	"Reflection Bad"	0	1	63	"40"	"0"	4	2	11
8	"Intuition Bad"	20	1	25	"40"	"0"	3	2	8
8	"Intuition Bad"	0	1	27	"40"	"0"	3	2	9
8	"Intuition Good"	20	1	25	"40"	"0"	3	2	10
8	"Reflection Bad"	40	0	30	"40"	"0"	2	2	8
8	"Reflection Good"	40	0	31	"40"	"0"	4	2	9
8	"Reflection Good"	30	1	38	"40"	"0"	3	2	8
8	"Intuition Bad"	6	0	24	"40"	"0"	4	2	8
8	"Reflection Bad"	40	1	42	"40"	"0"	3	2	10
8	"Intuition Bad"	40	1	24	"38"	"36"	5	2	9
8	"Intuition Good"	0	1	58	"40"	"0"	3	2	8
8	"Intuition Bad"	30	1	28	"40"	"10"	4	2	9
8	"Intuition Good"	40	0	32	"40"	"40"	3	2	8
8	"Intuition Bad"	40	1	27	"40"	"20"	3	2	8
8	"Intuition Bad"	40	1	50	"40"	"20"	3	2	11
8	"Intuition Good"	40	0	46	"40"	"0"	4	2	9
8	"Reflection Bad"	40	1	38	"40"	"0"	3	2	8
8	"Intuition Good"	20	1	41	"40"	"0"	3	2	13
8	"Intuition Bad"	40	1	21	"40"	"0"	3	2	8
8	"Reflection Good"	20	1	36	"40"	"0"	3	2	8
8	"Reflection Bad"	40	1	30	"40"	"0"	3	2	10
8	"Intuition Bad"	40	1	31	"40"	"0"	3	2	9
8	"Reflection Good"	40	1	36	"40"	"0"	4	2	8
8	"Reflection Good"	6	1	21	"40"	"0"	2	2	9
8	"Reflection Good"	40	1	33	"40"	"0"	3	2	8
8	"Reflection Good"	40	0	31	"40"	"0"	3	2	9
8	"Intuition Bad"	40	0	44	"40"	"0"	4	2	9
8	"Reflection Bad"	40	1	56	"40"	"40"	1	2	8
8	"Reflection Bad"	30	1	38	"40"	"40"	3	2	10
8	"Intuition Bad"	30	0	37	"40"	"0"	4	2	9
8	"Reflection Good"	40	1	39	"40"	"40"	3	2	9
8	"Intuition Good"	40	1	67	"40"	"0"	4	2	9
8	"Intuition Bad"	16	0	19	"40"	"0"	3	2	8
8	"Intuition Good"	40	0	31	"40"	"0"	3	2	9
8	"Reflection Bad"	0	1	40	"40"	"0"	3	2	8
8	"Reflection Good"	40	1	36	"40"	"0"	3	2	8
8	"Reflection Good"	40	1	41	"40"	"0"	4	2	9
8	"Intuition Good"	40	1	63	"0"	"0"	1	2	8
8	"Intuition Good"	12	0	25	"16"	"24"	3	2	11
8	"Intuition Good"	40	0	27	"40"	"0"	2	2	8
8	"Reflection Bad"	0	0	31	"2"	"0"	1	2	23
8	"Reflection Good"	20	1	27	"40"	"0"	4	2	8
8	"Reflection Good"	40	1	38	"40"	"0"	3	2	9
8	"Reflection Bad"	40	1	27	"40"	"40"	2	2	8
8	"Reflection Good"	40	0	25	"40"	"0"	3	2	10
8	"Reflection Good"	40	0	32	"20"	"20"	4	2	8
8	"Intuition Bad"	2	1	59	"40"	"4"	4	2	8
8	"Intuition Good"	40	0	42	"40"	"0"	3	2	9
8	"Reflection Bad"	40	1	40	"40"	"0"	4	2	8
8	"Intuition Bad"	40	0	30	"40"	"0"	2	2	11
8	"Intuition Bad"	20	1	27	"40"	"40"	3	2	9
8	"Intuition Good"	40	0	28	"40"	"0"	5	2	8
8	"Intuition Good"	30	1	52	"40"	"0"	3	2	9
8	"Reflection Good"	20	1	58	"40"	"0"	3	2	9
8	"Intuition Bad"	40	0	26	"40"	"0"	1	2	9
8	"Intuition Bad"	40	0	38	"40"	"40"	3	2	8
8	"Intuition Good"	40	1	48	"40"	"0"	3	2	10
8	"Reflection Good"	40	1	39	"40"	"20"	1	2	8
8	"Intuition Bad"	30	0	26	"40"	"0"	1	2	10
8	"Reflection Bad"	14	0	30	"40"	"0"	1	2	10
8	"Intuition Bad"	40	1	20	"40"	"0"	3	2	9
8	"Intuition Good"	40	1	32	"40"	"40"	3	2	9
8	"Intuition Bad"	0	0	23	"40"	"0"	3	2	9
8	"Intuition Good"	40	0	28	"40"	"0"	5	2	8
8	"Reflection Bad"	40	0	50	"40"	"0"	3	2	10
8	"Intuition Good"	40	0	32	"40"	"0"	2	2	9
8	"Intuition Good"	40	1	26	"40"	"0"	3	2	8
8	"Intuition Good"	40	0	23	"40"	"0"	2	2	12
8	"Reflection Good"	40	1	28	"40"	"0"	3	2	8
8	"Reflection Bad"	20	0	33	"40"	"0"	3	2	9
8	"Reflection Good"	40	0	58	"40"	"40"	3	2	8
8	"Intuition Good"	40	1	55	"40"	"0"	1	2	9
8	"Intuition Bad"	40	1	39	"40"	"0"	2	2	8
8	"Reflection Good"	40	0	43	"40"	"40"	4	2	8
8	"Reflection Bad"	20	0	30	"40"	"0"	3	2	9
8	"Intuition Good"	40	1	31	"40"	"0"	3	2	8
8	"Intuition Bad"	32	1	26	"40"	"0"	2	2	10
8	"Intuition Good"	40	1	39	"40"	"0"	3	2	10
8	"Reflection Bad"	40	1	61	"40"	"0"	3	2	10
8	"Reflection Good"	40	1	32	"40"	"0"	2	2	8
8	"Intuition Good"	0	1	45	"40"	"0"	1	2	11
8	"Reflection Bad"	20	0	45	"40"	"0"	2	2	8
8	"Reflection Good"	0	0	36	"40"	"0"	1	2	9
8	"Reflection Good"	0	1	59	"40"	"0"	4	2	8
8	"Intuition Bad"	16	1	24	"40"	"0"	3	2	9
8	"Intuition Good"	20	0	48	"40"	"40"	5	2	9
8	"Intuition Bad"	40	1	34	"40"	"0"	3	2	10
8	"Intuition Bad"	40	1	55	"40"	"0"	2	2	12
8	"Reflection Bad"	40	0	27	"40"	"0"	2	2	15
8	"Intuition Good"	40	0	46	"40"	"0"	5	2	9
8	"Intuition Good"	40	0	41	"40"	"20"	2	2	12
8	"Reflection Good"	20	1	26	"40"	"40"	3	2	8
8	"Intuition Good"	40	0	26	"40"	"0"	3	2	11
8	"Reflection Bad"	20	1	34	"40"	"0"	1	2	9
8	"Intuition Bad"	40	1	50	"40"	"0"	2	2	8
8	"Intuition Good"	0	1	36	"40"	"0"	3	2	11
8	"Reflection Good"	40	0	29	"40"	"0"	2	2	8
8	"Reflection Bad"	0	0	52	"40"	"0"	4	2	10
8	"Reflection Good"	10	0	70	"40"	"20"	5	2	10
8	"Reflection Good"	40	0	21	"40"	"0"	1	2	9
8	"Reflection Bad"	38	0	22	"22"	"38"	2	2	11
8	"Intuition Good"	4	1	32	"40"	"0"	3	2	8
8	"Reflection Bad"	40	1	53	"40"	"0"	3	2	10
8	"Intuition Good"	40	0	32	"40"	"0"	3	2	8
8	"Intuition Good"	40	1	35	"40"	"0"	2	2	11
8	"Reflection Good"	0	0	29	"40"	"0"	1	2	9
8	"Intuition Bad"	0	0	43	"40"	"0"	3	2	10
8	"Reflection Good"	40	1	40	"40"	"0"	3	2	12
8	"Reflection Good"	0	1	52	"40"	"0"	1	2	16
8	"Intuition Bad"	40	1	23	"40"	"0"	1	2	9
8	"Reflection Good"	0	0	33	"40"	"0"	1	2	9
8	"Intuition Good"	0	0	26	"40"	"0"	3	2	8
8	"Reflection Good"	4	1	66	"40"	"2"	3	2	9
8	"Intuition Bad"	4	1	36	"40"	"0"	3	2	10
8	"Reflection Bad"	40	0	26	"40"	"0"	3	2	8
8	"Reflection Good"	40	1	40	"40"	"0"	3	2	9
8	"Reflection Bad"	40	0	42	"40"	"0"	3	2	13
8	"Reflection Good"	0	1	34	"40"	"0"	3	2	9
8	"Reflection Good"	0	0	43	"40"	"0"	1	2	9
8	"Reflection Good"	0	1	43	"22"	"28"	1	2	8
8	"Intuition Bad"	0	0	35	"40"	"0"	4	2	8
8	"Reflection Good"	40	1	46	"40"	"0"	3	2	8
8	"Intuition Bad"	8	1	24	"40"	"0"	3	2	8
8	"Intuition Bad"	4	1	31	"40"	"0"	3	2	9
8	"Intuition Good"	2	0	30	"40"	"0"	3	2	8
8	"Reflection Bad"	40	0	30	"40"	"0"	1	2	9
8	"Reflection Bad"	20	0	29	"40"	"0"	1	2	10
8	"Intuition Bad"	40	1	43	"40"	"0"	3	2	9
8	"Reflection Good"	10	1	60	"40"	"0"	3	2	9
8	"Intuition Good"	40	0	40	"40"	"0"	5	2	10
8	"Intuition Bad"	20	1	65	"40"	"0"	3	2	22
8	"Intuition Bad"	40	1	34	"40"	"0"	3	2	11
8	"Reflection Good"	10	1	30	"40"	"0"	2	2	11
8	"Reflection Bad"	40	1	32	"40"	"40"	3	2	8
8	"Reflection Bad"	0	1	71	"40"	"0"	3	2	9
8	"Intuition Good"	40	0	24	"40"	"0"	2	2	8
8	"Intuition Good"	40	1	48	"40"	"0"	3	2	11
8	"Reflection Bad"	10	1	34	"40"	"0"	3	2	10
8	"Intuition Good"	0	1	65	"40"	"0"	3	2	9
8	"Reflection Bad"	20	1	26	"40"	"0"	3	2	9
8	"Reflection Bad"	20	0	51	"40"	"0"	3	2	9
8	"Intuition Bad"	40	0	29	"40"	"40"	4	2	10
8	"Intuition Bad"	40	1	24	"20"	"40"	3	2	8
8	"Intuition Good"	10	1	62	"40"	"0"	3	2	8
8	"Intuition Bad"	30	1	32	"40"	"0"	1	2	8
8	"Intuition Good"	40	0	33	"40"	"0"	2	2	8
8	"Reflection Good"	4	1	23	"40"	"10"	1	2	9
8	"Reflection Bad"	40	1	34	"40"	"0"	2	2	9
8	"Intuition Good"	30	1	54	"40"	"0"	3	2	8
8	"Intuition Bad"	40	1	20	"40"	"40"	1	2	8
8	"Reflection Good"	0	1	26	"40"	"0"	2	2	9
8	"Reflection Good"	40	0	40	"40"	"0"	3	2	8
8	"Reflection Bad"	10	1	32	"20"	"10"	3	2	9
8	"Intuition Bad"	0	1	37	"40"	"0"	1	2	9
8	"Intuition Good"	40	1	31	"40"	"0"	3	2	11
8	"Intuition Good"	40	1	30	"40"	"0"	1	2	10
8	"Reflection Bad"	40	1	35	"40"	"0"	3	2	11
8	"Intuition Bad"	40	1	31	"40"	"0"	3	2	8
8	"Reflection Good"	40	1	34	"40"	"40"	1	2	9
8	"Intuition Bad"	0	0	24	"40"	"0"	3	2	9
8	"Reflection Bad"	20	1	28	"0"	"20"	3	2	8
8	"Reflection Good"	0	1	30	"40"	"0"	2	2	8
8	"Reflection Good"	0	1	43	"40"	"0"	4	2	9
8	"Reflection Bad"	40	1	31	"40"	"0"	2	2	9
8	"Reflection Bad"	0	0	26	"40"	"0"	1	2	10
8	"Intuition Good"	40	0	34	"40"	"0"	3	2	11
8	"Reflection Bad"	40	0	44	"40"	"40"	2	2	8
8	"Intuition Good"	40	1	28	"40"	"0"	3	2	8
8	"Intuition Good"	40	1	53	"40"	"40"	3	2	8
8	"Intuition Good"	10	0	46	"40"	"0"	3	2	8
8	"Intuition Good"	2	0	31	"40"	"0"	4	2	8
8	"Intuition Good"	0	0	23	"40"	"0"	4	2	8
8	"Reflection Bad"	40	1	56	"40"	"0"	4	2	11
8	"Reflection Good"	40	1	22	"40"	"40"	4	2	8
8	"Reflection Bad"	20	1	69	"40"	"40"	3	2	8
8	"Reflection Bad"	40	0	56	"40"	"0"	4	2	8
8	"Intuition Good"	40	0	49	"40"	"0"	4	2	8
8	"Reflection Good"	0	0	30	"40"	"0"	3	2	8
8	"Intuition Bad"	40	1	27	"40"	"0"	3	2	11
8	"Reflection Good"	20	1	23	"20"	"0"	1	2	11
8	"Intuition Bad"	0	1	51	"40"	"0"	3	2	8
8	"Reflection Good"	40	0	49	"40"	"40"	2	2	8
8	"Intuition Bad"	30	0	34	"40"	"0"	5	2	8
8	"Intuition Bad"	40	0	34	"40"	"40"	5	2	9
8	"Reflection Bad"	20	1	42	"40"	"40"	3	2	8
8	"Reflection Good"	40	0	27	"40"	"2"	3	2	9
8	"Reflection Bad"	40	1	56	"40"	"0"	2	2	9
8	"Intuition Good"	8	0	24	"40"	"0"	3	2	8
8	"Reflection Good"	0	1	38	"40"	"0"	2	2	10
8	"Intuition Good"	40	1	24	"40"	"40"	3	2	8
8	"Intuition Good"	40	1	57	"40"	"0"	3	2	8
8	"Intuition Bad"	20	1	44	"40"	"0"	2	2	11
8	"Intuition Good"	0	0	28	"40"	"0"	5	2	8
8	"Reflection Bad"	20	0	38	"40"	"0"	3	2	10
8	"Reflection Bad"	40	1	29	"40"	"0"	2	2	8
8	"Intuition Good"	4	0	20	"28"	"12"	2	2	8
8	"Intuition Bad"	0	1	48	"40"	"0"	4	2	8
8	"Intuition Good"	40	1	54	"40"	"0"	2	2	9
8	"Reflection Bad"	40	1	27	"40"	"0"	3	2	10
8	"Reflection Good"	20	1	51	"40"	"0"	1	2	8
8	"Reflection Bad"	30	1	61	"40"	"0"	3	2	8
8	"Reflection Good"	40	1	25	"40"	"0"	1	2	8
8	"Intuition Bad"	20	0	30	"40"	"0"	3	2	8
8	"Intuition Bad"	40	1	28	"40"	"0"	2	2	10
8	"Reflection Bad"	26	0	26	"40"	"0"	1	2	9
8	"Intuition Bad"	20	0	34	"40"	"0"	2	2	9
8	"Reflection Good"	30	1	66	"40"	"40"	2	2	8
8	"Intuition Good"	40	1	46	"40"	"10"	4	2	10
8	"Reflection Bad"	22	1	41	"40"	"40"	2	2	9
8	"Reflection Good"	0	0	34	"40"	"0"	3	2	19
8	"Reflection Bad"	4	0	47	"40"	"0"	3	2	8
8	"Reflection Good"	20	1	28	"40"	"0"	3	2	9
8	"Reflection Bad"	20	0	60	"40"	"0"	3	2	9
8	"Reflection Bad"	20	0	24	"40"	"0"	1	2	8
8	"Reflection Bad"	40	0	22	"40"	"0"	2	2	16
8	"Intuition Good"	40	1	36	"40"	"40"	4	2	8
8	"Reflection Bad"	0	0	52	"40"	"0"	3	2	14
8	"Intuition Bad"	10	0	23	"40"	"20"	3	2	8
8	"Intuition Bad"	40	0	27	"40"	"0"	4	2	11
8	"Intuition Good"	40	1	31	"40"	"0"	3	2	10
8	"Reflection Good"	40	1	35	"40"	"0"	2	2	10
8	"Reflection Bad"	40	0	29	"40"	"40"	3	2	8
8	"Reflection Bad"	2	0	24	"10"	"10"	3	2	8
8	"Reflection Good"	40	1	25	"40"	"0"	3	2	8
8	"Reflection Good"	40	1	23	"40"	"0"	2	2	8
8	"Reflection Good"	20	0	38	"40"	"0"	2	2	9
8	"Intuition Good"	40	0	28	"40"	"40"	2	2	12
8	"Reflection Good"	0	1	62	"40"	"0"	4	2	9
8	"Intuition Bad"	0	0	29	"40"	"0"	3	2	8
8	"Intuition Good"	0	0	39	"40"	"0"	1	2	10
8	"Reflection Good"	40	0	34	"40"	"0"	4	2	10
8	"Intuition Bad"	40	1	51	"40"	"20"	3	2	11
8	"Reflection Good"	0	0	37	"40"	"0"	1	2	10
8	"Reflection Good"	40	1	34	"40"	"0"	3	2	11
8	"Intuition Good"	20	1	23	"40"	"0"	4	2	8
8	"Reflection Good"	10	1	23	"40"	"0"	3	2	8
8	"Intuition Good"	0	1	35	"40"	"0"	1	2	10
8	"Reflection Bad"	0	0	35	"40"	"0"	2	2	9
8	"Reflection Bad"	0	1	45	"40"	"0"	4	2	9
8	"Intuition Good"	40	1	56	"40"	"40"	3	2	9
8	"Reflection Bad"	30	1	32	"40"	"0"	3	2	9
8	"Reflection Good"	40	1	41	"40"	"0"	5	2	9
8	"Reflection Bad"	40	1	31	"40"	"0"	2	2	8
8	"Reflection Bad"	20	0	23	"40"	"0"	3	2	8
8	"Reflection Bad"	40	0	25	"40"	"0"	1	2	12
8	"Intuition Bad"	40	0	45	"40"	"0"	3	2	9
8	"Reflection Good"	40	0	33	"40"	"0"	3	2	9
8	"Reflection Good"	4	0	24	"40"	"40"	3	2	8
8	"Reflection Bad"	0	0	41	"40"	"0"	1	2	8
8	"Intuition Good"	40	1	51	"40"	"0"	3	2	8
8	"Reflection Bad"	0	1	35	"40"	"0"	2	2	11
8	"Intuition Bad"	40	0	32	"40"	"0"	5	2	8
8	"Intuition Good"	10	0	34	"40"	"20"	2	2	9
8	"Reflection Bad"	2	1	39	"40"	"2"	2	2	9
8	"Intuition Good"	40	1	60	"40"	"40"	3	2	10
8	"Intuition Good"	0	0	26	"40"	"0"	4	2	8
8	"Reflection Bad"	0	0	39	"40"	"0"	4	2	12
8	"Reflection Bad"	0	0	44	"40"	"0"	4	2	11
8	"Reflection Good"	40	0	29	"40"	"0"	3	2	10
8	"Reflection Bad"	10	1	59	"40"	"0"	3	2	9
8	"Intuition Bad"	10	0	37	"40"	"40"	2	2	8
8	"Intuition Bad"	40	1	52	"40"	"40"	4	2	10
8	"Reflection Good"	40	1	23	"40"	"0"	2	2	8
8	"Reflection Bad"	40	1	50	"40"	"0"	3	2	8
8	"Reflection Good"	10	1	66	"40"	"2"	3	2	10
8	"Intuition Good"	40	1	29	"40"	"0"	3	2	13
8	"Intuition Bad"	40	0	28	"40"	"0"	2	2	11
8	"Reflection Bad"	0	0	40	"40"	"0"	5	2	8
8	"Reflection Bad"	0	0	44	"40"	"0"	3	2	10
8	"Reflection Bad"	20	1	50	"40"	"40"	3	2	8
8	"Intuition Bad"	2	0	25	"40"	"0"	4	2	10
8	"Intuition Good"	40	0	52	"40"	"40"	3	2	8
8	"Reflection Bad"	40	1	42	"40"	"40"	3	2	12
8	"Reflection Bad"	0	0	33	"40"	"0"	4	2	9
8	"Intuition Bad"	40	1	55	"40"	"0"	3	2	9
8	"Reflection Good"	20	0	30	"40"	"0"	2	2	9
8	"Intuition Good"	0	0	25	"40"	"0"	2	2	10
8	"Reflection Bad"	0	0	55	"40"	"0"	1	2	9
8	"Reflection Bad"	20	1	37	"40"	"0"	3	2	9
8	"Reflection Bad"	10	1	38	"40"	"0"	4	2	8
8	"Reflection Bad"	10	0	45	"40"	"0"	1	2	8
8	"Reflection Bad"	10	1	63	"40"	"0"	3	2	9
8	"Reflection Good"	0	0	37	"40"	"0"	3	2	11
8	"Intuition Bad"	40	1	34	"40"	"0"	4	2	8
8	"Reflection Bad"	0	1	56	"40"	"0"	2	2	8
8	"Reflection Bad"	0	0	26	"40"	"0"	1	2	13
8	"Intuition Good"	40	0	28	"40"	"0"	1	2	9
8	"Intuition Bad"	40	0	60	"40"	"0"	4	2	9
8	"Intuition Good"	40	1	24	"40"	"0"	1	2	9
8	"Intuition Good"	10	0	27	"40"	"0"	1	2	8
8	"Intuition Bad"	40	1	35	"40"	"0"	3	2	8
8	"Intuition Bad"	40	1	25	"40"	"0"	5	2	8
8	"Reflection Good"	0	0	26	"2"	"0"	3	2	9
8	"Reflection Bad"	40	0	35	"40"	"0"	2	2	9
8	"Intuition Good"	10	0	29	"40"	"0"	3	2	8
8	"Intuition Bad"	0	1	40	"40"	"0"	4	2	10
8	"Reflection Good"	0	0	30	"40"	"0"	3	2	10
8	"Reflection Bad"	20	0	36	"40"	"0"	3	2	8
8	"Intuition Bad"	20	1	37	"40"	"0"	3	2	8
8	"Intuition Good"	40	1	42	"40"	"0"	2	2	8
8	"Intuition Bad"	20	1	32	"40"	"0"	1	2	8
8	"Intuition Bad"	40	1	68	"40"	"0"	5	2	9
8	"Intuition Bad"	0	0	27	"40"	"0"	2	2	10
8	"Intuition Bad"	0	1	48	"4"	"0"	3	2	8
8	"Reflection Bad"	0	1	66	"40"	"0"	3	2	8
8	"Intuition Good"	0	0	28	"40"	"0"	2	2	9
8	"Intuition Good"	20	1	29	"40"	"0"	3	2	8
8	"Reflection Good"	40	1	38	"40"	"40"	1	2	8
8	"Reflection Bad"	40	0	21	"40"	"0"	2	2	8
8	"Intuition Good"	0	1	37	"40"	"0"	3	2	8
8	"Intuition Good"	40	1	34	"40"	"0"	5	2	8
8	"Intuition Good"	40	0	31	"40"	"0"	2	2	9
8	"Intuition Bad"	40	0	21	"40"	"0"	4	2	11
8	"Reflection Bad"	40	1	29	"40"	"0"	3	2	8
8	"Reflection Good"	0	1	41	"40"	"0"	3	2	9
8	"Intuition Good"	0	1	66	"40"	"0"	3	2	9
8	"Intuition Bad"	40	1	44	"40"	"0"	5	2	10
8	"Intuition Good"	20	1	57	"40"	"0"	3	2	10
8	"Reflection Good"	0	1	22	"40"	"0"	4	2	8
8	"Reflection Bad"	6	1	22	"40"	"0"	5	2	9
8	"Intuition Bad"	40	0	40	"0"	"0"	2	2	8
8	"Intuition Bad"	40	1	23	"38"	"38"	4	2	9
8	"Reflection Good"	0	0	24	"40"	"0"	4	2	8
8	"Reflection Good"	10	0	46	"40"	"0"	4	2	9
8	"Reflection Bad"	40	1	28	"0"	"0"	3	2	11
8	"Intuition Good"	20	0	33	"40"	"0"	2	2	8
8	"Intuition Good"	40	1	36	"40"	"0"	3	2	11
8	"Intuition Bad"	14	0	20	"14"	"10"	3	2	8
8	"Reflection Bad"	30	1	25	"36"	"36"	5	2	9
8	"Reflection Good"	40	0	42	"40"	"0"	3	2	9
8	"Reflection Bad"	0	1	18	"40"	"0"	4	2	9
8	"Intuition Bad"	30	1	27	"40"	"36"	5	2	9
8	"Intuition Bad"	0	1	54	"40"	"0"	4	2	14
8	"Intuition Good"	0	0	43	"40"	"0"	4	2	9
8	"Reflection Bad"	0	1	35	"40"	"0"	4	2	12
8	"Intuition Bad"	16	0	23	"20"	"40"	3	2	8
8	"Intuition Bad"	40	1	47	"40"	"0"	3	2	13
8	"Intuition Good"	40	1	31	"40"	"0"	3	2	9
8	"Reflection Good"	32	0	25	"32"	"38"	4	2	12
8	"Intuition Bad"	0	1	38	"40"	"0"	2	2	10
8	"Intuition Bad"	20	1	27	"40"	"20"	3	2	9
8	"Reflection Good"	40	1	26	"40"	"0"	2	2	8
8	"Reflection Bad"	0	0	38	"40"	"0"	3	2	8
8	"Reflection Bad"	40	1	56	"40"	"40"	1	2	10
8	"Reflection Bad"	0	1	29	"40"	"0"	3	2	8
8	"Reflection Bad"	20	1	32	"40"	"0"	1	2	8
8	"Reflection Good"	40	1	20	"40"	"0"	3	2	10
8	"Reflection Good"	0	0	23	"40"	"0"	3	2	9
8	"Reflection Bad"	40	1	29	"40"	"0"	3	2	9
8	"Intuition Good"	40	1	34	"40"	"40"	4	2	8
8	"Intuition Good"	40	1	37	"40"	"0"	3	2	8
8	"Reflection Bad"	10	1	64	"40"	"20"	3	2	12
8	"Reflection Bad"	40	1	48	"40"	"0"	4	2	10
8	"Reflection Good"	0	0	42	"40"	"0"	2	2	10
8	"Reflection Bad"	40	0	34	"40"	"0"	3	2	9
8	"Reflection Bad"	20	1	29	"40"	"40"	3	2	8
8	"Reflection Good"	4	0	31	"40"	"0"	3	2	9
8	"Reflection Bad"	40	0	38	"40"	"0"	4	2	8
8	"Intuition Good"	20	0	37	"40"	"0"	3	2	8
8	"Intuition Good"	40	0	24	"40"	"0"	3	2	12
8	"Reflection Bad"	0	1	32	"40"	"0"	3	2	8
8	"Reflection Bad"	0	0	36	"40"	"0"	3	2	8
8	"Reflection Bad"	12	0	31	"40"	"0"	1	2	11
8	"Reflection Good"	40	1	24	"40"	"0"	3	2	8
8	"Reflection Bad"	2	0	34	"40"	"0"	3	2	8
8	"Reflection Bad"	2	1	27	"6"	"4"	4	2	10
8	"Intuition Bad"	40	1	29	"40"	"0"	3	2	8
8	"Intuition Bad"	40	1	52	"40"	"0"	3	2	8
8	"Reflection Good"	0	0	42	"40"	"0"	3	2	9
8	"Intuition Bad"	40	1	64	"40"	"0"	3	2	8
8	"Reflection Good"	10	1	34	"40"	"0"	2	2	9
8	"Reflection Bad"	0	0	39	"40"	"0"	2	2	9
8	"Intuition Bad"	0	1	39	"40"	"0"	3	2	8
8	"Reflection Good"	0	1	29	"40"	"0"	3	2	8
8	"Intuition Good"	40	1	34	"40"	"0"	3	2	8
8	"Intuition Bad"	38	1	23	"36"	"38"	1	2	15
8	"Intuition Bad"	0	1	28	"40"	"0"	3	2	8
8	"Intuition Bad"	40	1	32	"40"	"0"	2	2	8
8	"Reflection Bad"	30	1	39	"40"	"0"	3	2	8
8	"Reflection Bad"	40	1	48	"40"	"40"	3	2	13
8	"Intuition Bad"	0	1	63	"40"	"0"	3	2	9
8	"Reflection Good"	0	0	33	"40"	"0"	1	2	8
8	"Intuition Bad"	10	1	24	"20"	"0"	3	2	13
8	"Intuition Bad"	30	0	29	"40"	"0"	4	2	8
8	"Reflection Good"	20	1	38	"40"	"0"	3	2	12
8	"Reflection Bad"	40	0	24	"40"	"40"	3	2	8
8	"Intuition Good"	10	1	49	"40"	"0"	3	2	9
8	"Intuition Bad"	40	0	35	"40"	"0"	3	2	10
8	"Intuition Bad"	40	1	45	"40"	"0"	3	2	8
8	"Intuition Bad"	0	0	26	"40"	"0"	3	2	8
8	"Reflection Bad"	0	0	31	"40"	"0"	3	2	10
8	"Intuition Good"	20	0	28	"40"	"0"	1	2	18
8	"Intuition Good"	8	1	30	"40"	"0"	3	2	8
8	"Reflection Bad"	0	1	29	"40"	"0"	2	2	8
8	"Intuition Good"	40	1	36	"40"	"0"	3	2	8
8	"Intuition Bad"	10	0	33	"40"	"0"	2	2	11
8	"Reflection Bad"	20	1	23	"40"	"40"	3	2	13
8	"Intuition Bad"	40	0	35	"40"	"0"	1	2	9
8	"Intuition Good"	0	1	24	"40"	"0"	3	2	8
8	"Reflection Good"	40	1	39	"40"	"40"	3	2	8
8	"Reflection Good"	0	0	43	"40"	"0"	3	2	9
8	"Intuition Good"	40	0	27	"40"	"0"	2	2	8
8	"Reflection Bad"	20	0	43	"40"	"0"	3	2	8
8	"Intuition Bad"	40	0	18	"40"	"0"	5	2	16
8	"Reflection Good"	20	1	41	"40"	"0"	3	2	8
8	"Intuition Bad"	24	0	26	"40"	"40"	2	2	9
8	"Intuition Good"	0	1	25	"40"	"0"	4	2	10
8	"Intuition Bad"	40	1	40	"40"	"0"	3	2	9
8	"Intuition Bad"	40	0	36	"40"	"0"	4	2	8
8	"Intuition Bad"	30	0	42	"40"	"0"	3	2	8
8	"Reflection Bad"	0	1	30	"40"	"0"	4	2	11
8	"Reflection Bad"	10	0	24	"16"	"12"	2	2	9
8	"Intuition Good"	40	1	32	"40"	"0"	3	2	12
8	"Reflection Bad"	40	1	34	"40"	"40"	3	2	8
8	"Intuition Good"	40	0	28	"40"	"0"	2	2	8
8	"Reflection Good"	0	1	38	"40"	"0"	4	2	15
8	"Intuition Good"	30	0	54	"40"	"20"	3	2	9
8	"Intuition Bad"	20	0	28	"40"	"0"	4	2	8
8	"Intuition Good"	40	1	61	"40"	"0"	3	2	10
8	"Reflection Good"	20	1	48	"40"	"0"	2	2	8
8	"Reflection Bad"	0	0	53	"40"	"0"	3	2	10
8	"Reflection Bad"	40	1	31	"40"	"0"	3	2	10
8	"Reflection Bad"	40	1	60	"40"	"0"	3	2	10
8	"Reflection Bad"	20	0	18	"40"	"0"	3	2	8
8	"Intuition Good"	30	1	38	"40"	"0"	2	2	9
8	"Intuition Bad"	40	0	25	"40"	"40"	4	2	10
8	"Intuition Good"	40	0	45	"40"	"40"	3	2	9
8	"Reflection Bad"	40	1	25	"40"	"40"	2	2	8
8	"Intuition Good"	8	1	24	"40"	"2"	1	2	9
8	"Reflection Good"	40	0	27	"40"	"0"	4	2	8
8	"Intuition Good"	0	1	31	"40"	"0"	3	2	8
8	"Reflection Good"	0	1	69	"40"	"0"	2	2	10
8	"Intuition Bad"	20	0	29	"40"	"0"	1	2	8
8	"Intuition Good"	0	0	59	"40"	"0"	2	2	8
8	"Intuition Bad"	0	0	24	"40"	"0"	3	2	8
8	"Intuition Good"	0	0	62	"40"	"0"	2	2	9
8	"Reflection Good"	16	0	26	"40"	"0"	3	2	11
8	"Intuition Bad"	0	0	39	"40"	"0"	3	2	13
8	"Intuition Good"	0	1	26	"40"	"0"	1	2	17
8	"Reflection Good"	0	1	32	"40"	"0"	3	2	11
8	"Reflection Bad"	2	1	32	"40"	"0"	3	2	8
8	"Intuition Bad"	0	0	30	"40"	"0"	1	2	9
8	"Reflection Bad"	40	1	49	"40"	"40"	3	2	10
8	"Intuition Good"	10	1	23	"40"	"0"	5	2	9
8	"Reflection Bad"	40	1	23	"40"	"0"	2	2	8
8	"Intuition Bad"	0	1	33	"40"	"0"	1	2	12
8	"Intuition Good"	40	1	36	"40"	"0"	2	2	8
8	"Intuition Good"	38	0	57	"40"	"0"	3	2	9
8	"Intuition Good"	40	0	42	"40"	"0"	3	2	9
8	"Reflection Good"	40	1	27	"40"	"0"	3	2	9
8	"Reflection Good"	40	0	34	"40"	"0"	3	2	9
8	"Intuition Bad"	40	1	35	"40"	"20"	3	2	9
8	"Intuition Bad"	38	0	24	"18"	"38"	4	2	9
8	"Reflection Good"	30	1	53	"40"	"0"	3	2	8
8	"Intuition Bad"	40	1	28	"40"	"0"	1	2	8
8	"Reflection Bad"	40	0	26	"40"	"0"	1	2	9
8	"Reflection Bad"	20	1	25	"40"	"0"	3	2	8
8	"Intuition Good"	20	1	34	"40"	"0"	3	2	8
8	"Reflection Good"	40	1	33	"40"	"0"	4	2	10
8	"Intuition Bad"	20	0	46	"40"	"0"	3	2	8
8	"Intuition Bad"	40	0	38	"40"	"40"	3	2	9
8	"Reflection Good"	0	1	23	"40"	"0"	4	2	8
8	"Intuition Bad"	40	1	39	"40"	"0"	1	2	9
8	"Reflection Good"	40	1	34	"40"	"0"	2	2	11
8	"Intuition Good"	14	1	48	"40"	"20"	3	2	8
8	"Intuition Bad"	0	1	23	"20"	"0"	3	2	11
8	"Intuition Bad"	40	1	47	"40"	"2"	2	2	8
8	"Reflection Bad"	40	0	30	"40"	"40"	3	2	8
8	"Reflection Good"	2	1	24	"40"	"0"	3	2	8
8	"Intuition Bad"	20	1	22	"40"	"0"	3	2	9
8	"Reflection Good"	10	1	21	"16"	"22"	3	2	8
8	"Reflection Good"	40	0	54	"40"	"0"	3	2	8
8	"Reflection Good"	40	1	29	"40"	"0"	1	2	8
8	"Reflection Good"	40	1	57	"40"	"0"	3	2	8
8	"Reflection Bad"	40	0	27	"40"	"0"	3	2	8
8	"Reflection Good"	10	1	27	"40"	"0"	3	2	9
8	"Intuition Good"	2	1	51	"40"	"40"	1	2	8
8	"Intuition Good"	40	1	67	"40"	"40"	3	2	8
8	"Intuition Good"	0	1	29	"40"	"0"	3	2	9
8	"Reflection Good"	38	1	34	"40"	"0"	1	2	11
8	"Reflection Good"	20	0	55	"40"	"0"	3	2	8
8	"Intuition Good"	40	1	31	"40"	"20"	2	2	11
8	"Intuition Good"	20	1	34	"40"	"0"	3	2	10
8	"Reflection Good"	0	1	35	"40"	"0"	3	2	8
8	"Reflection Bad"	40	0	45	"40"	"20"	3	2	9
8	"Intuition Good"	40	1	311	"40"	"0"	3	2	11
8	"Intuition Bad"	40	1	59	"40"	"40"	1	2	12
8	"Reflection Good"	40	0	33	"40"	"0"	4	2	10
8	"Reflection Bad"	0	1	38	"40"	"0"	3	2	11
8	"Intuition Bad"	40	1	52	"40"	"0"	3	2	8
8	"Intuition Good"	0	0	30	"40"	"0"	3	2	8
8	"Intuition Good"	0	1	30	"40"	"0"	4	2	8
8	"Reflection Good"	40	1	55	"40"	"0"	3	2	9
8	"Reflection Good"	20	1	42	"40"	"0"	3	2	8
8	"Reflection Bad"	40	1	34	"40"	"0"	3	2	8
8	"Intuition Bad"	0	1	36	"40"	"0"	1	2	11
8	"Reflection Good"	40	1	33	"40"	"0"	2	2	8
8	"Intuition Good"	0	0	37	"40"	"0"	1	2	8
8	"Reflection Good"	40	1	35	"40"	"40"	1	2	8
8	"Reflection Good"	40	1	47	"40"	"0"	1	2	12
8	"Intuition Bad"	40	1	28	"40"	"40"	3	2	10
8	"Reflection Good"	24	0	21	"40"	"0"	4	2	8
8	"Reflection Bad"	8	0	29	"40"	"0"	2	2	9
8	"Intuition Good"	40	0	35	"40"	"0"	3	2	9
8	"Intuition Good"	30	1	30	"40"	"0"	3	2	8
8	"Intuition Good"	40	1	44	"40"	"0"	3	2	12
8	"Intuition Bad"	0	1	33	"40"	"0"	1	2	8
8	"Reflection Bad"	40	1	31	"40"	"0"	3	2	9
8	"Reflection Bad"	40	1	51	"40"	"0"	3	2	9
8	"Reflection Good"	20	1	33	"40"	"0"	2	2	8
8	"Reflection Bad"	20	1	38	"40"	"0"	3	2	9
8	"Intuition Good"	40	1	38	"40"	"40"	1	2	8
8	"Intuition Bad"	0	1	48	"40"	"0"	1	2	9
8	"Intuition Good"	40	1	37	"40"	"0"	1	2	10
8	"Reflection Good"	20	1	31	"40"	"0"	3	2	9
8	"Intuition Bad"	40	0	63	"40"	"40"	1	2	12
8	"Intuition Good"	40	0	32	"40"	"40"	3	2	9
8	"Intuition Good"	30	1	44	"40"	"0"	3	2	8
8	"Reflection Bad"	40	1	27	"40"	"0"	1	2	12
8	"Intuition Good"	40	1	31	"40"	"0"	2	2	12
8	"Intuition Good"	0	1	35	"40"	"0"	3	2	8
8	"Intuition Bad"	40	1	64	"40"	"0"	3	2	8
8	"Intuition Good"	40	1	26	"40"	"40"	2	2	8
8	"Intuition Good"	0	0	36	"40"	"0"	1	2	8
8	"Reflection Bad"	6	0	21	"40"	"0"	3	2	8
8	"Intuition Bad"	40	1	32	"40"	"0"	4	2	8
8	"Reflection Bad"	40	0	30	"40"	"0"	1	2	11
8	"Intuition Bad"	20	1	47	"40"	"0"	2	2	12
8	"Reflection Bad"	20	0	39	"40"	"0"	4	2	8
8	"Reflection Bad"	40	1	38	"40"	"40"	3	2	8
8	"Intuition Good"	0	0	28	"40"	"0"	3	2	9
8	"Reflection Bad"	40	1	35	"40"	"0"	3	2	9
8	"Intuition Good"	0	1	27	"40"	"0"	3	2	8
8	"Reflection Good"	40	0	34	"40"	"0"	2	2	8
8	"Intuition Bad"	20	1	40	"20"	"40"	5	2	33
8	"Reflection Bad"	40	1	22	"40"	"0"	5	2	11
8	"Intuition Bad"	40	0	58	"2"	"0"	3	2	9
8	"Intuition Bad"	40	1	35	"40"	"0"	3	2	8
8	"Intuition Good"	30	1	38	"40"	"40"	3	2	8
8	"Reflection Good"	0	1	29	"40"	"0"	2	2	8
8	"Reflection Good"	40	1	34	"40"	"0"	1	2	10
8	"Reflection Bad"	40	1	21	"40"	"40"	1	2	8
8	"Intuition Good"	0	0	24	"30"	"0"	1	2	8
8	"Reflection Bad"	40	1	39	"40"	"0"	3	2	11
8	"Intuition Good"	40	0	30	"40"	"40"	1	2	8
8	"Intuition Bad"	6	0	20	"40"	"0"	3	2	8
8	"Intuition Bad"	40	1	55	"40"	"0"	2	2	9
8	"Reflection Good"	40	1	38	"40"	"0"	3	2	8
8	"Reflection Bad"	40	0	27	"40"	"0"	3	2	9
8	"Intuition Good"	40	1	21	"40"	"20"	1	2	8
8	"Intuition Bad"	30	0	29	"40"	"0"	3	2	9
8	"Intuition Bad"	40	1	40	"40"	"0"	3	2	10
8	"Intuition Bad"	0	1	65	"0"	"0"	3	2	8
8	"Intuition Good"	40	0	22	"40"	"0"	2	2	8
8	"Reflection Good"	40	0	21	"40"	"40"	1	2	8
8	"Reflection Bad"	30	1	30	"40"	"0"	3	2	10
8	"Reflection Good"	0	0	34	"40"	"0"	3	2	10
8	"Intuition Good"	40	0	25	"40"	"0"	1	2	8
8	"Reflection Good"	20	1	47	"40"	"40"	2	2	12
8	"Intuition Good"	40	1	31	"40"	"0"	2	2	15
8	"Intuition Good"	40	1	32	"40"	"0"	3	2	10
8	"Reflection Bad"	40	1	33	"40"	"0"	4	2	8
8	"Reflection Good"	40	1	69	"40"	"0"	4	2	9
8	"Reflection Good"	40	0	55	"40"	"0"	3	2	8
8	"Intuition Good"	40	0	32	"40"	"40"	1	2	8
8	"Reflection Good"	40	1	26	"40"	"0"	1	2	8
8	"Reflection Good"	40	0	18	"40"	"40"	2	2	9
8	"Intuition Bad"	40	0	35	"40"	"0"	3	2	8
8	"Reflection Good"	0	1	52	"40"	"0"	3	2	11
8	"Reflection Bad"	40	0	55	"40"	"0"	4	2	8
8	"Reflection Bad"	40	1	24	"40"	"0"	3	2	8
8	"Intuition Bad"	40	0	59	"40"	"40"	3	2	10
8	"Reflection Good"	40	0	42	"40"	"2"	1	2	8
8	"Intuition Good"	20	0	27	"40"	"40"	1	2	8
8	"Intuition Good"	40	1	39	"40"	"0"	2	2	10
8	"Intuition Bad"	20	1	26	"40"	"40"	2	2	12
8	"Intuition Bad"	20	1	58	"40"	"0"	5	2	9
8	"Reflection Bad"	10	1	30	"40"	"0"	3	2	8
8	"Reflection Good"	40	1	43	"40"	"40"	4	2	10
8	"Reflection Good"	0	1	25	"40"	"0"	3	2	14
8	"Reflection Bad"	40	0	36	"40"	"0"	2	2	8
8	"Reflection Good"	30	0	64	"40"	"0"	3	2	8
8	"Intuition Good"	10	1	34	"40"	"40"	3	2	12
8	"Intuition Good"	40	0	44	"40"	"20"	3	2	9
8	"Intuition Good"	0	0	30	"40"	"0"	3	2	10
8	"Reflection Bad"	34	0	23	"40"	"0"	3	2	8
8	"Reflection Good"	40	1	46	"40"	"30"	2	2	9
8	"Intuition Good"	2	1	37	"40"	"0"	2	2	9
8	"Intuition Bad"	40	1	23	"40"	"0"	5	2	8
8	"Intuition Good"	40	0	62	"40"	"0"	3	2	9
8	"Intuition Bad"	40	0	31	"40"	"0"	3	2	9
8	"Intuition Bad"	40	0	51	"40"	"40"	3	2	11
8	"Intuition Good"	40	1	60	"40"	"0"	5	2	8
8	"Intuition Good"	16	1	26	"40"	"0"	3	2	8
8	"Intuition Bad"	10	1	64	"40"	"0"	1	2	9
8	"Intuition Bad"	40	0	44	"40"	"0"	3	2	8
8	"Reflection Good"	2	1	55	"2"	"40"	3	2	11
8	"Intuition Bad"	40	1	41	"40"	"40"	2	2	10
8	"Reflection Bad"	40	1	30	"40"	"0"	3	2	8
8	"Reflection Bad"	16	0	31	"40"	"0"	3	2	11
8	"Intuition Bad"	40	0	35	"40"	"40"	3	2	10
8	"Intuition Bad"	40	0	55	"40"	"40"	3	2	10
8	"Reflection Bad"	20	1	34	"40"	"0"	4	2	8
8	"Reflection Good"	0	1	35	"40"	"0"	3	2	8
8	"Reflection Bad"	20	1	37	"40"	"0"	1	2	8
8	"Reflection Good"	40	0	44	"40"	"40"	3	2	8
8	"Intuition Bad"	40	1	64	"20"	"40"	3	2	15
8	"Intuition Good"	0	1	50	"40"	"0"	1	2	8
8	"Reflection Good"	0	1	41	"40"	"0"	3	2	9
8	"Reflection Bad"	16	0	31	"40"	"0"	3	2	12
8	"Reflection Good"	40	0	63	"40"	"40"	2	2	11
8	"Reflection Bad"	40	1	43	"40"	"0"	3	2	8
8	"Intuition Good"	0	0	28	"40"	"0"	3	2	9
8	"Intuition Bad"	24	1	34	"40"	"0"	2	2	8
8	"Reflection Good"	0	0	28	"40"	"0"	3	2	9
8	"Intuition Good"	40	1	45	"40"	"0"	4	2	8
8	"Intuition Bad"	40	0	22	"40"	"0"	3	2	8
8	"Reflection Bad"	20	0	70	"10"	"0"	3	2	10
8	"Intuition Bad"	40	1	22	"40"	"0"	5	2	8
8	"Reflection Good"	40	0	27	"40"	"0"	3	2	9
8	"Intuition Bad"	40	1	47	"40"	"0"	3	2	9
8	"Intuition Good"	10	0	24	"40"	"0"	3	2	8
8	"Intuition Bad"	20	0	35	"40"	"0"	3	2	8
8	"Intuition Bad"	20	0	22	"40"	"40"	2	2	8
8	"Reflection Good"	20	0	24	"40"	"0"	3	2	9
8	"Reflection Bad"	30	1	49	"40"	"0"	4	2	8
8	"Reflection Bad"	40	1	49	"40"	"40"	3	2	11
8	"Intuition Bad"	40	1	47	"40"	"0"	3	2	8
8	"Intuition Bad"	0	1	30	"40"	"0"	2	2	9
8	"Intuition Bad"	40	0	23	"40"	"0"	3	2	8
8	"Intuition Bad"	40	1	36	"40"	"0"	3	2	8
8	"Reflection Bad"	40	0	28	"40"	"0"	3	2	8
8	"Intuition Bad"	0	0	31	"40"	"0"	1	2	8
8	"Reflection Good"	20	0	30	"40"	"0"	2	2	8
8	"Intuition Good"	20	0	72	"40"	"20"	3	2	30
8	"Reflection Bad"	0	1	26	"40"	"0"	3	2	9
8	"Reflection Good"	40	1	29	"40"	"0"	3	2	8
8	"Reflection Bad"	40	1	45	"40"	"40"	3	2	10
8	"Reflection Bad"	0	1	34	"40"	"0"	1	2	8
8	"Intuition Bad"	40	1	40	"40"	"40"	3	2	10
8	"Reflection Bad"	40	1	58	"40"	"0"	2	2	11
8	"Reflection Bad"	40	1	40	"40"	"0"	3	2	8
8	"Intuition Bad"	40	0	22	"40"	"0"	3	2	12
8	"Reflection Good"	20	1	35	"40"	"20"	1	2	8
8	"Intuition Good"	40	1	21	"40"	"40"	2	2	9
8	"Reflection Good"	40	0	30	"40"	"40"	4	2	8
8	"Reflection Bad"	0	0	25	"40"	"0"	1	2	13
8	"Reflection Good"	10	0	29	"40"	"0"	3	2	8
8	"Intuition Good"	40	1	31	"40"	"40"	1	2	11
8	"Intuition Bad"	20	0	32	"40"	"0"	2	2	20
8	"Reflection Good"	0	0	58	"40"	"0"	3	2	8
8	"Intuition Bad"	40	1	31	"40"	"0"	3	2	9
8	"Intuition Bad"	0	1	19	"40"	"0"	4	2	8
8	"Reflection Good"	0	0	63	"40"	"0"	3	2	8
8	"Intuition Bad"	2	1	48	"40"	"0"	3	2	11
8	"Intuition Bad"	20	1	29	"40"	"0"	3	2	8
8	"Reflection Bad"	40	1	64	"40"	"0"	3	2	13
8	"Reflection Bad"	20	1	27	"40"	"0"	2	2	8
8	"Reflection Good"	0	0	25	"40"	"0"	4	2	8
8	"Reflection Good"	30	0	48	"40"	"0"	4	2	32
8	"Reflection Bad"	26	1	29	"40"	"0"	3	2	12
8	"Intuition Bad"	8	0	25	"40"	"0"	1	2	8
8	"Intuition Good"	0	0	21	"40"	"0"	2	2	9
8	"Reflection Bad"	40	1	43	"40"	"40"	2	2	10
8	"Intuition Good"	40	0	45	"40"	"40"	1	2	12
8	"Intuition Bad"	40	1	39	"40"	"40"	3	2	8
8	"Intuition Bad"	40	1	26	"40"	"0"	3	2	8
8	"Intuition Good"	40	0	41	"40"	"0"	1	2	10
8	"Intuition Good"	10	1	30	"40"	"0"	3	2	9
8	"Intuition Good"	10	1	34	"40"	"2"	1	2	8
8	"Intuition Good"	40	1	65	"40"	"0"	3	2	8
8	"Intuition Bad"	40	1	66	"40"	"20"	3	2	11
8	"Reflection Good"	40	0	25	"40"	"0"	1	2	10
8	"Intuition Bad"	40	0	43	"40"	"0"	1	2	10
8	"Intuition Bad"	40	1	25	"40"	"0"	2	2	8
8	"Intuition Good"	40	1	54	"40"	"0"	3	2	9
8	"Reflection Bad"	40	0	34	"40"	"0"	3	2	10
8	"Intuition Bad"	40	0	47	"40"	"0"	4	2	8
8	"Intuition Bad"	0	0	23	"40"	"0"	3	2	11
8	"Reflection Bad"	40	0	30	"40"	"0"	4	2	8
8	"Intuition Good"	40	1	22	"40"	"0"	3	2	8
8	"Reflection Bad"	30	1	28	"40"	"0"	3	2	8
8	"Reflection Good"	0	1	44	"40"	"0"	2	2	14
8	"Intuition Good"	40	1	35	"40"	"40"	4	2	8
8	"Reflection Good"	20	0	29	"40"	"20"	3	2	20
8	"Intuition Bad"	40	1	31	"40"	"0"	2	2	8
8	"Reflection Good"	20	1	45	"40"	"0"	3	2	9
8	"Intuition Bad"	40	1	64	"40"	"0"	3	2	8
8	"Reflection Good"	40	0	57	"40"	"0"	3	2	10
8	"Intuition Good"	40	1	56	"40"	"40"	4	2	9
8	"Intuition Bad"	40	1	30	"40"	"40"	2	2	9
8	"Intuition Good"	10	1	24	"40"	"20"	3	2	9
8	"Intuition Bad"	10	0	20	"40"	"0"	2	2	8
8	"Intuition Good"	40	1	61	"40"	"0"	3	2	8
8	"Intuition Bad"	40	0	62	"40"	"0"	3	2	9
8	"Intuition Good"	40	1	50	"40"	"0"	3	2	8
8	"Reflection Bad"	40	1	35	"40"	"40"	3	2	9
8	"Intuition Good"	0	0	24	"40"	"0"	3	2	9
8	"Intuition Good"	40	1	32	"40"	"40"	2	2	8
8	"Intuition Bad"	40	1	38	"40"	"2"	3	2	8
8	"Intuition Good"	10	0	67	"40"	"0"	3	2	8
8	"Intuition Good"	40	0	31	"40"	"0"	4	2	14
8	"Reflection Bad"	20	1	27	"40"	"0"	3	2	8
8	"Intuition Good"	20	0	60	"20"	"0"	1	2	14
8	"Intuition Bad"	40	1	29	"40"	"0"	1	2	10
8	"Intuition Good"	40	1	29	"40"	"40"	1	2	14
8	"Intuition Bad"	26	1	24	"40"	"0"	1	2	9
8	"Reflection Good"	40	1	31	"40"	"0"	1	2	9
8	"Reflection Bad"	40	1	29	"40"	"0"	3	2	8
8	"Reflection Good"	6	1	37	"40"	"0"	3	2	8
8	"Reflection Good"	40	1	32	"40"	"0"	2	2	8
8	"Reflection Bad"	40	0	29	"40"	"40"	3	2	10
8	"Intuition Bad"	40	1	58	"40"	"0"	3	2	8
8	"Intuition Bad"	40	0	22	"40"	"0"	3	2	13
8	"Intuition Bad"	40	0	73	"40"	"20"	2	2	10
8	"Reflection Bad"	40	0	30	"40"	"40"	1	2	9
8	"Reflection Bad"	40	0	26	"40"	"0"	1	2	9
8	"Reflection Good"	0	1	30	"40"	"0"	2	2	10
8	"Intuition Bad"	20	1	37	"20"	"40"	2	2	8
8	"Reflection Bad"	40	0	24	"40"	"20"	2	2	9
8	"Reflection Bad"	40	1	45	"40"	"0"	3	2	11
8	"Reflection Bad"	40	1	27	"40"	"0"	2	2	8
8	"Intuition Good"	40	1	49	"40"	"40"	1	2	10
8	"Intuition Bad"	10	0	25	"40"	"0"	2	2	8
8	"Reflection Good"	0	1	20	"40"	"0"	5	2	9
8	"Intuition Bad"	40	1	28	"40"	"0"	3	2	10
8	"Reflection Bad"	10	0	33	"40"	"0"	3	2	8
8	"Reflection Bad"	20	1	34	"40"	"0"	5	2	10
8	"Reflection Bad"	30	1	33	"40"	"0"	3	2	9
8	"Intuition Bad"	18	1	26	"16"	"20"	3	2	13
8	"Reflection Bad"	40	1	41	"40"	"2"	1	2	8
8	"Reflection Good"	2	1	41	"40"	"0"	1	2	8
8	"Intuition Good"	20	1	37	"40"	"0"	4	2	8
8	"Intuition Good"	40	1	61	"40"	"0"	3	2	13
8	"Reflection Good"	0	1	53	"40"	"0"	3	2	13
8	"Intuition Good"	40	0	51	"40"	"0"	4	2	8
8	"Reflection Good"	40	1	58	"40"	"0"	3	2	10
8	"Intuition Bad"	40	1	37	"40"	"30"	2	2	12
8	"Intuition Bad"	30	0	41	"40"	"0"	4	2	10
8	"Reflection Bad"	16	0	34	"40"	"0"	5	2	8
8	"Reflection Bad"	40	0	22	"40"	"20"	3	2	9
8	"Intuition Bad"	40	0	27	"40"	"0"	1	2	13
8	"Intuition Good"	0	0	25	"40"	"0"	2	2	10
8	"Reflection Good"	0	1	41	"40"	"0"	1	2	8
8	"Reflection Bad"	40	0	35	"40"	"40"	2	2	9
8	"Reflection Bad"	40	0	36	"40"	"0"	3	2	10
8	"Reflection Bad"	40	1	55	"40"	"0"	5	2	8
8	"Intuition Bad"	0	0	30	"40"	"0"	4	2	15
8	"Reflection Good"	0	1	46	"40"	"0"	3	2	11
8	"Reflection Bad"	40	0	31	"40"	"0"	4	2	9
8	"Reflection Good"	40	1	56	"40"	"0"	4	2	9
8	"Reflection Bad"	40	1	58	"40"	"0"	3	2	8
8	"Reflection Good"	40	0	28	"40"	"0"	1	2	9
8	"Reflection Bad"	0	0	29	"40"	"0"	2	2	8
8	"Intuition Bad"	40	1	26	"40"	"0"	1	2	8
8	"Intuition Bad"	40	1	22	"40"	"0"	3	2	8
8	"Reflection Good"	4	1	24	"40"	"0"	2	2	10
8	"Intuition Bad"	4	1	29	"8"	"6"	3	2	9
8	"Intuition Good"	20	1	37	"40"	"40"	4	2	10
8	"Intuition Good"	40	1	41	"40"	"40"	4	2	8
8	"Reflection Good"	10	1	28	"40"	"0"	4	2	10
8	"Intuition Bad"	0	1	31	"40"	"0"	2	2	8
8	"Intuition Good"	4	0	31	"40"	"0"	3	2	8
8	"Reflection Good"	40	1	22	"40"	"40"	3	2	8
8	"Reflection Good"	20	1	57	"40"	"40"	3	2	9
8	"Reflection Bad"	20	0	26	"40"	"0"	3	2	9
8	"Reflection Good"	40	0	24	"40"	"0"	3	2	10
8	"Intuition Bad"	40	1	31	"40"	"0"	3	2	9
8	"Reflection Bad"	40	0	22	"40"	"40"	3	2	9
8	"Intuition Bad"	40	1	46	"40"	"40"	4	2	9
8	"Reflection Bad"	0	0	25	"40"	"0"	3	2	8
8	"Reflection Bad"	10	1	23	"40"	"0"	3	2	8
8	"Reflection Bad"	40	0	32	"20"	"20"	1	2	8
8	"Reflection Bad"	40	0	29	"40"	"20"	3	2	10
8	"Reflection Good"	0	0	35	"40"	"0"	3	2	8
8	"Reflection Bad"	40	0	31	"40"	"40"	3	2	8
8	"Reflection Bad"	40	1	31	"40"	"0"	5	2	8
8	"Reflection Bad"	40	0	44	"40"	"40"	2	2	11
8	"Intuition Good"	40	1	30	"40"	"0"	4	2	9
8	"Intuition Bad"	20	0	21	"40"	"0"	3	2	8
8	"Reflection Bad"	2	1	42	"4"	"6"	3	2	8
8	"Intuition Good"	40	1	41	"40"	"0"	5	2	8
8	"Intuition Good"	40	0	40	"40"	"20"	2	2	10
8	"Reflection Bad"	20	1	65	"40"	"0"	3	2	8
8	"Intuition Good"	40	0	33	"40"	"0"	4	2	8
8	"Reflection Good"	40	0	49	"40"	"28"	3	2	10
8	"Reflection Bad"	10	1	27	"40"	"0"	2	2	8
8	"Reflection Bad"	0	0	21	"40"	"0"	5	2	9
8	"Intuition Bad"	40	1	28	"40"	"20"	2	2	8
8	"Reflection Good"	20	1	32	"40"	"0"	3	2	9
8	"Reflection Bad"	40	1	24	"40"	"0"	3	2	9
8	"Intuition Bad"	10	0	31	"20"	"40"	1	2	14
8	"Reflection Good"	0	0	19	"40"	"0"	4	2	9
8	"Reflection Bad"	22	1	28	"40"	"0"	3	2	9
8	"Intuition Bad"	8	1	32	"10"	"22"	5	2	8
8	"Reflection Bad"	40	1	26	"40"	"0"	2	2	8
8	"Intuition Bad"	0	0	53	"40"	"20"	1	2	17
8	"Reflection Good"	10	0	22	"40"	"0"	3	2	9
8	"Intuition Good"	6	1	26	"40"	"40"	3	2	8
8	"Intuition Good"	40	0	31	"40"	"0"	3	2	11
8	"Intuition Bad"	40	1	57	"40"	"0"	4	2	11
8	"Reflection Bad"	2	1	42	"40"	"0"	2	2	9
8	"Reflection Bad"	20	0	28	"40"	"0"	3	2	8
8	"Intuition Bad"	30	0	29	"40"	"30"	1	2	12
8	"Reflection Bad"	40	1	40	"40"	"0"	1	2	8
8	"Intuition Bad"	40	1	31	"40"	"0"	3	2	8
8	"Reflection Good"	0	0	22	"40"	"0"	2	2	8
8	"Intuition Bad"	0	0	27	"40"	"0"	4	2	8
8	"Intuition Good"	40	1	24	"40"	"0"	2	2	8
8	"Intuition Bad"	40	1	37	"40"	"0"	4	2	8
8	"Reflection Bad"	40	1	32	"40"	"20"	3	2	9
8	"Reflection Good"	40	0	25	"40"	"40"	2	2	12
8	"Intuition Good"	0	0	22	"40"	"0"	2	2	10
8	"Reflection Bad"	40	0	19	"40"	"0"	1	2	8
8	"Reflection Good"	0	1	30	"40"	"40"	2	2	8
8	"Intuition Bad"	40	0	50	"40"	"0"	1	2	9
8	"Reflection Bad"	40	1	29	"40"	"0"	1	2	9
8	"Intuition Good"	40	0	33	"40"	"0"	1	2	9
8	"Intuition Bad"	0	1	34	"40"	"0"	5	2	9
8	"Intuition Bad"	40	1	30	"40"	"0"	3	2	8
8	"Reflection Good"	20	0	22	"40"	"0"	3	2	8
8	"Reflection Good"	26	0	39	"40"	"0"	3	2	8
8	"Intuition Good"	40	1	26	"40"	"0"	3	2	8
8	"Reflection Good"	40	0	73	"40"	"0"	3	2	12
8	"Intuition Good"	10	1	27	"40"	"0"	3	2	10
8	"Intuition Bad"	20	0	27	"40"	"0"	5	2	8
8	"Intuition Good"	0	1	44	"40"	"0"	2	2	8
8	"Intuition Bad"	0	1	42	"40"	"0"	3	2	8
8	"Reflection Good"	26	0	26	"40"	"0"	4	2	8
8	"Reflection Bad"	20	1	23	"40"	"0"	4	2	8
8	"Intuition Good"	40	1	28	"40"	"0"	1	2	8
8	"Intuition Bad"	40	1	40	"40"	"40"	2	2	8
8	"Reflection Bad"	10	1	33	"40"	"0"	5	2	11
8	"Reflection Bad"	20	1	29	"40"	"0"	5	2	9
8	"Intuition Good"	0	0	33	"40"	"0"	4	2	8
8	"Intuition Bad"	40	1	54	"40"	"0"	3	2	9
8	"Intuition Bad"	18	0	37	"40"	"0"	3	2	8
8	"Intuition Good"	40	0	51	"40"	"30"	3	2	9
8	"Intuition Good"	0	1	26	"40"	"0"	3	2	8
8	"Intuition Bad"	40	0	41	"40"	"0"	5	2	9
8	"Intuition Bad"	0	0	19	"40"	"0"	3	2	11
8	"Intuition Good"	20	0	29	"40"	"0"	3	2	8
8	"Intuition Good"	10	1	30	"40"	"0"	4	2	11
8	"Reflection Bad"	40	1	50	"40"	"40"	3	2	9
8	"Intuition Bad"	0	0	56	"40"	"0"	3	2	14
8	"Reflection Bad"	40	1	48	"40"	"40"	3	2	9
8	"Reflection Good"	40	1	31	"40"	"40"	3	2	8
8	"Intuition Bad"	40	1	48	"40"	"40"	3	2	11
8	"Intuition Good"	40	0	34	"40"	"0"	3	2	9
8	"Reflection Good"	40	1	44	"40"	"40"	2	2	9
8	"Intuition Good"	20	0	55	"40"	"0"	3	2	9
8	"Reflection Good"	10	1	24	"40"	"0"	2	2	8
8	"Reflection Bad"	40	0	34	"40"	"0"	4	2	11
8	"Intuition Good"	40	1	62	"40"	"40"	3	2	10
8	"Reflection Good"	40	1	21	"40"	"0"	4	2	8
8	"Reflection Bad"	20	1	39	"20"	"40"	3	2	8
8	"Intuition Good"	14	1	39	"20"	"20"	1	2	18
8	"Intuition Bad"	40	0	38	"40"	"0"	2	2	13
8	"Intuition Bad"	40	0	20	"40"	"0"	4	2	8
8	"Intuition Good"	20	1	24	"40"	"0"	3	2	13
8	"Reflection Bad"	40	1	30	"40"	"0"	1	2	9
8	"Intuition Bad"	0	1	26	"40"	"0"	2	2	8
8	"Reflection Good"	40	0	26	"40"	"0"	3	2	11
8	"Reflection Bad"	40	1	46	"40"	"20"	2	2	8
8	"Reflection Bad"	24	0	46	"40"	"40"	3	2	8
8	"Intuition Bad"	40	1	27	"40"	"0"	4	2	8
8	"Intuition Bad"	40	0	35	"40"	"40"	2	2	10
8	"Reflection Good"	40	1	27	"40"	"0"	5	2	8
8	"Intuition Good"	40	1	29	"40"	"0"	2	2	11
8	"Intuition Bad"	40	1	33	"40"	"0"	1	2	8
8	"Reflection Good"	0	0	41	"40"	"0"	4	2	10
8	"Intuition Bad"	40	0	27	"40"	"0"	4	2	9
8	"Intuition Good"	20	1	25	"40"	"20"	1	2	8
8	"Reflection Good"	40	1	47	"40"	"0"	3	2	9
8	"Reflection Bad"	40	1	26	"40"	"40"	1	2	10
8	"Reflection Bad"	0	0	36	"40"	"40"	5	2	10
8	"Reflection Bad"	20	0	30	"40"	"0"	3	2	8
8	"Reflection Good"	0	1	25	"40"	"0"	4	2	8
8	"Intuition Good"	20	0	23	"40"	"0"	3	2	9
8	"Intuition Bad"	40	0	36	"40"	"0"	3	2	8
8	"Intuition Bad"	0	0	49	"40"	"0"	3	2	9
8	"Intuition Bad"	40	0	49	"40"	"0"	2	2	9
8	"Intuition Bad"	40	0	34	"40"	"0"	1	2	8
8	"Reflection Bad"	40	1	31	"40"	"0"	2	2	8
8	"Reflection Good"	20	1	37	"40"	"0"	4	2	8
8	"Reflection Bad"	40	1	23	"40"	"0"	1	2	8
8	"Intuition Good"	40	1	37	"40"	"0"	4	2	11
8	"Intuition Bad"	40	1	44	"40"	"0"	2	2	9
8	"Intuition Bad"	40	0	32	"40"	"0"	3	2	8
8	"Reflection Good"	40	1	33	"40"	"0"	1	2	9
8	"Intuition Bad"	10	1	28	"40"	"0"	3	2	8
8	"Reflection Good"	40	0	21	"40"	"0"	5	2	8
8	"Intuition Bad"	0	0	23	"0"	"0"	1	2	8
8	"Intuition Good"	10	0	27	"40"	"0"	3	2	8
8	"Reflection Bad"	20	1	31	"40"	"0"	5	2	11
8	"Intuition Good"	40	0	61	"40"	"0"	3	2	13
8	"Intuition Good"	0	0	35	"40"	"40"	2	2	8
8	"Reflection Bad"	40	0	37	"40"	"0"	2	2	9
8	"Reflection Good"	40	0	26	"40"	"0"	4	2	9
8	"Intuition Bad"	0	0	27	"40"	"0"	1	2	9
8	"Intuition Good"	40	1	38	"40"	"0"	3	2	8
8	"Reflection Good"	40	0	23	"40"	"2"	4	2	8
8	"Reflection Good"	40	0	21	"40"	"20"	1	2	8
8	"Intuition Good"	20	0	22	"40"	"0"	2	2	9
8	"Reflection Good"	40	1	26	"40"	"0"	4	2	8
8	"Intuition Good"	40	1	36	"40"	"40"	1	2	10
8	"Reflection Bad"	40	1	32	"40"	"0"	5	2	8
8	"Reflection Bad"	10	0	34	"40"	"0"	3	2	8
8	"Reflection Good"	0	0	28	"40"	"0"	1	2	10
8	"Reflection Good"	40	1	21	"40"	"40"	1	2	8
8	"Intuition Good"	20	1	53	"40"	"20"	3	2	8
8	"Intuition Good"	40	0	52	"40"	"20"	3	2	10
8	"Reflection Bad"	40	1	34	"40"	"40"	1	2	10
8	"Reflection Bad"	0	1	31	"40"	"0"	3	2	8
8	"Reflection Good"	40	0	33	"40"	"40"	3	2	8
8	"Intuition Good"	10	1	36	"30"	"0"	3	2	8
8	"Intuition Good"	40	1	22	"40"	"0"	3	2	8
8	"Intuition Bad"	0	0	37	"40"	"0"	2	2	9
8	"Reflection Bad"	0	1	55	"40"	"0"	3	2	8
8	"Reflection Bad"	40	0	19	"40"	"40"	3	2	8
8	"Reflection Bad"	0	0	25	"40"	"0"	3	2	10
8	"Reflection Bad"	40	0	32	"40"	"0"	5	2	9
8	"Reflection Bad"	40	0	26	"40"	"40"	3	2	9
8	"Reflection Good"	40	1	25	"40"	"40"	3	2	8
8	"Intuition Bad"	20	1	33	"40"	"0"	4	2	8
8	"Intuition Good"	40	1	30	"40"	"40"	1	2	8
8	"Reflection Good"	40	1	35	"40"	"40"	1	2	13
8	"Reflection Good"	12	1	24	"30"	"20"	5	2	8
8	"Reflection Bad"	0	0	23	"40"	"0"	4	2	9
8	"Reflection Good"	10	1	33	"40"	"0"	4	2	10
8	"Reflection Good"	40	1	49	"40"	"40"	1	2	11
8	"Reflection Good"	30	1	33	"40"	"40"	1	2	9
8	"Intuition Good"	40	1	22	"40"	"0"	2	2	8
8	"Intuition Good"	0	1	22	"40"	"0"	3	2	12
8	"Intuition Good"	10	1	39	"40"	"0"	5	2	8
8	"Intuition Good"	40	1	24	"40"	"0"	4	2	8
8	"Intuition Bad"	0	0	22	"40"	"0"	4	2	9
8	"Reflection Bad"	0	1	44	"40"	"0"	5	2	8
8	"Intuition Bad"	0	1	63	"40"	"0"	3	2	10
8	"Intuition Bad"	40	1	25	"40"	"0"	3	2	9
8	"Intuition Good"	0	1	29	"40"	"0"	3	2	9
8	"Reflection Good"	0	0	28	"40"	"0"	3	2	8
8	"Reflection Good"	20	0	30	"40"	"0"	3	2	8
